-- phpMyAdmin SQL Dump
-- version 4.4.12
-- http://www.phpmyadmin.net
--
-- Host: 127.0.0.1
-- Generation Time: Dec 08, 2016 at 09:31 PM
-- Server version: 5.6.25
-- PHP Version: 5.6.11

SET SQL_MODE = "NO_AUTO_VALUE_ON_ZERO";
SET time_zone = "+00:00";


/*!40101 SET @OLD_CHARACTER_SET_CLIENT=@@CHARACTER_SET_CLIENT */;
/*!40101 SET @OLD_CHARACTER_SET_RESULTS=@@CHARACTER_SET_RESULTS */;
/*!40101 SET @OLD_COLLATION_CONNECTION=@@COLLATION_CONNECTION */;
/*!40101 SET NAMES utf8mb4 */;

--
-- Database: `rento_trial`
--

-- --------------------------------------------------------

--
-- Table structure for table `address`
--

CREATE TABLE IF NOT EXISTS `address` (
  `id` int(11) NOT NULL,
  `area` varchar(500) NOT NULL,
  `pincode` int(11) NOT NULL,
  `city_id` int(11) NOT NULL,
  `state_id` int(11) NOT NULL,
  `country_id` int(11) NOT NULL DEFAULT '1'
) ENGINE=InnoDB AUTO_INCREMENT=12 DEFAULT CHARSET=latin1;

--
-- Dumping data for table `address`
--

INSERT INTO `address` (`id`, `area`, `pincode`, `city_id`, `state_id`, `country_id`) VALUES
(1, 'dahanukar Colony, Kothrud', 411038, 849, 21, 1),
(2, 'dahanukar Colony, Kothrud', 411038, 849, 21, 1),
(3, '321khjvg', 32, 2, 1, 1),
(4, 'Dadar, Mumbai', 522012, 817, 21, 1),
(5, 'Andra Pradesh', 52453, 4, 0, 1),
(6, 'Adilabad', 52452, 3, 2, 1);

-- --------------------------------------------------------

--
-- Table structure for table `categories`
--

CREATE TABLE IF NOT EXISTS `categories` (
  `id` int(11) NOT NULL,
  `name` varchar(100) NOT NULL
) ENGINE=InnoDB AUTO_INCREMENT=8 DEFAULT CHARSET=latin1;

--
-- Dumping data for table `categories`
--

INSERT INTO `categories` (`id`, `name`) VALUES
(1, 'Electronics and Appliances'),
(2, 'Clothes'),
(3, 'Furniture'),
(4, 'Real Estate'),
(5, 'Vehicle'),
(6, 'Sports'),
(7, 'Others');

-- --------------------------------------------------------

--
-- Table structure for table `cities`
--

CREATE TABLE IF NOT EXISTS `cities` (
  `id` int(10) NOT NULL,
  `country_id` int(10) NOT NULL,
  `state_id` int(10) NOT NULL,
  `citycode` varchar(100) NOT NULL,
  `cityname` varchar(200) NOT NULL,
  `developed` int(1) NOT NULL
) ENGINE=InnoDB DEFAULT CHARSET=latin1;

--
-- Dumping data for table `cities`
--

INSERT INTO `cities` (`id`, `country_id`, `state_id`, `citycode`, `cityname`, `developed`) VALUES
(1, 1, 21, 'KH', 'Kolhapur', 1),
(2, 1, 1, 'PB', 'Port Blair', 1),
(3, 1, 2, 'AD', 'Adilabad', 1),
(4, 1, 2, 'AO', 'Adoni', 1),
(5, 1, 2, 'AL', 'Amadalavalasa', 1),
(6, 1, 2, 'AP', 'Amalapuram', 1),
(7, 1, 2, 'AK', 'Anakapalle', 1),
(8, 1, 2, 'AT', 'Anantapur', 1),
(9, 1, 2, 'BP', 'Badepalle', 1),
(10, 1, 2, 'BPL', 'Banganapalle', 1),
(11, 1, 2, 'BT', 'Bapatla', 1),
(12, 1, 2, 'BL', 'Bellampalle', 1),
(13, 1, 2, 'BH', 'Bethamcherla', 1),
(14, 1, 2, 'BR', 'Bhadrachalam', 1),
(15, 1, 2, 'BI', 'Bhainsa', 1),
(16, 1, 2, 'BU', 'Bheemunipatnam', 1),
(17, 1, 2, 'BV', 'Bhimavaram', 1),
(18, 1, 2, 'BN', 'Bhongir', 1),
(19, 1, 2, 'BB', 'Bobbili', 1),
(20, 1, 2, 'BD', 'Bodhan', 1),
(21, 1, 2, 'CK', 'Chilakaluripet', 1),
(22, 1, 2, 'CRA', 'Chirala', 1),
(23, 1, 2, 'CHT', 'Chittoor', 1),
(24, 1, 2, 'CDA', 'Cuddapah', 1),
(25, 1, 2, 'DEV', 'Devarakonda', 1),
(26, 1, 2, 'DHA', 'Dharmavaram', 1),
(27, 1, 2, 'ELU', 'Eluru', 1),
(28, 1, 2, 'FAR', 'Farooqnagar', 1),
(29, 1, 2, 'GAD', 'Gadwal', 1),
(30, 1, 2, 'GOO', 'Gooty', 1),
(31, 1, 2, 'GUD', 'Gudivada', 1),
(32, 1, 2, 'GUU', 'Gudur', 1),
(33, 1, 2, 'GUN', 'Guntakal', 1),
(34, 1, 2, 'GTR', 'Guntur', 1),
(35, 1, 2, 'HJ', 'Hanuman Junction', 1),
(36, 1, 2, 'HIN', 'Hindupur', 1),
(37, 1, 2, 'HBD', 'Hyderabad', 1),
(38, 1, 2, 'ICP', 'Ichchapuram', 1),
(39, 1, 2, 'JAI', 'Jaggaiahpet', 1),
(40, 1, 2, 'JGT', 'Jagtial', 1),
(41, 1, 2, 'JMD', 'Jammalamadugu', 1),
(42, 1, 2, 'JGA', 'Jangaon', 1),
(43, 1, 2, 'KDP', 'Kadapa', 1),
(44, 1, 2, 'KAD', 'Kadiri', 1),
(45, 1, 2, 'KZR', 'Kagaznagar', 1),
(46, 1, 2, 'KKI', 'Kakinada', 1),
(47, 1, 2, 'KAD', 'Kalyandurg', 1),
(48, 1, 2, 'KRD', 'Kamareddy', 1),
(49, 1, 2, 'KDK', 'Kandukur', 1),
(50, 1, 2, 'KRM', 'Karimnagar', 1),
(51, 1, 2, 'KAV', 'Kavali', 1),
(52, 1, 2, 'KHV', 'Khammam', 1),
(53, 1, 2, 'KOR', 'Koratla', 1),
(54, 1, 2, 'KOT', 'Kothagudem', 1),
(55, 1, 2, 'KOTH', 'Kothapeta', 1),
(56, 1, 2, 'KOVV', 'Kovvur', 1),
(57, 1, 2, 'KURN', 'Kurnool', 1),
(58, 1, 2, 'KYAT', 'Kyathampalle', 1),
(59, 1, 2, 'MAC', 'Macherla', 1),
(60, 1, 2, 'MPM', 'Machilipatnam', 1),
(61, 1, 2, 'MDP', 'Madanapalle', 1),
(62, 1, 2, 'MBN', 'Mahbubnagar', 1),
(63, 1, 2, 'MCL', 'Mancherial', 1),
(64, 1, 2, 'MDR', 'Mandamarri', 1),
(65, 1, 2, 'MDPT', 'Mandapeta', 1),
(66, 1, 2, 'MANG', 'Manuguru', 1),
(67, 1, 2, 'MARK', 'Markapur', 1),
(68, 1, 2, 'MDK', 'Medak', 1),
(69, 1, 2, 'MLG', 'Miryalaguda', 1),
(70, 1, 2, 'MGL', 'Mogalthur', 1),
(71, 1, 2, 'NGI', 'Nagari', 1),
(72, 1, 2, 'NKL', 'Nagarkurnool', 1),
(73, 1, 2, 'NDL', 'Nandyal', 1),
(74, 1, 2, 'NRS', 'Narasapur', 1),
(75, 1, 2, 'NSP', 'Narasaraopet', 1),
(76, 1, 2, 'NYP', 'Narayanpet', 1),
(77, 1, 2, 'NPT', 'Narsipatnam', 1),
(78, 1, 2, 'NLR', 'Nellore', 1),
(79, 1, 2, 'NID', 'Nidadavole', 1),
(80, 1, 2, 'NIR', 'Nirmal', 1),
(81, 1, 2, 'NIZ', 'Nizamabad', 1),
(82, 1, 2, 'NUZ', 'Nuzvid', 1),
(83, 1, 2, 'ONG', 'Ongole', 1),
(84, 1, 2, 'PLC', 'Palacole', 1),
(85, 1, 2, 'PAK', 'Palasa Kasibugga', 1),
(86, 1, 2, 'PAW', 'Palwancha', 1),
(87, 1, 2, 'PAR', 'Parvathipuram', 1),
(88, 1, 2, 'PED', 'Pedana', 1),
(89, 1, 2, 'PED', 'Peddapuram', 1),
(90, 1, 2, 'PITH', 'Pithapuram', 1),
(91, 1, 2, 'PON', 'Pondur', 1),
(92, 1, 2, 'PONN', 'Ponnur', 1),
(93, 1, 2, 'PROD', 'Proddatur', 1),
(94, 1, 2, 'PUNG', 'Punganur', 1),
(95, 1, 2, 'PUTT', 'Puttur', 1),
(96, 1, 2, 'RAJA', 'Rajahmundry', 1),
(97, 1, 2, 'RAJ', 'Rajam', 1),
(98, 1, 2, 'RAMA', 'Ramachandrapuram', 1),
(99, 1, 2, 'RMG', 'Ramagundam', 1),
(100, 1, 2, 'RAY', 'Rayachoti', 1),
(101, 1, 2, 'RAYA', 'Rayadurg', 1),
(102, 1, 2, 'RENI', 'Renigunta', 1),
(103, 1, 2, 'REP', 'Repalle', 1),
(104, 1, 2, 'SAD', 'Sadasivpet', 1),
(105, 1, 2, 'SAL', 'Salur', 1),
(106, 1, 2, 'SAM', 'Samalkot', 1),
(107, 1, 2, 'SANG', 'Sangareddy', 1),
(108, 1, 2, 'SATT', 'Sattenapalle', 1),
(109, 1, 2, 'SIDDI', 'Siddipet', 1),
(110, 1, 2, 'SIN', 'Singapur', 1),
(111, 1, 2, 'SIR', 'Sircilla', 1),
(112, 1, 2, 'SRI', 'Srikakulam', 1),
(113, 1, 2, 'SRIK', 'Srikalahasti', 1),
(115, 1, 2, 'SUR', 'Suryapet', 1),
(116, 1, 2, 'TAD', 'Tadepalligudem', 1),
(117, 1, 2, 'TADP', 'Tadpatri', 1),
(118, 1, 2, 'TAND', 'Tandur', 1),
(119, 1, 2, 'TANU', 'Tanuku', 1),
(120, 1, 2, 'TEN', 'Tenali', 1),
(121, 1, 2, 'TIR', 'Tirupati', 1),
(122, 1, 2, 'TUN', 'Tuni', 1),
(123, 1, 2, 'URA', 'Uravakonda', 1),
(124, 1, 2, 'VEN', 'Venkatagiri', 1),
(125, 1, 2, 'VIC', 'Vicarabad', 1),
(126, 1, 2, 'VIJ', 'Vijayawada', 1),
(127, 1, 2, 'VINU', 'Vinukonda', 1),
(128, 1, 2, 'VIS', 'Visakhapatnam', 1),
(129, 1, 2, 'VIZ', 'Vizianagaram', 1),
(130, 1, 2, 'WAN', 'Wanaparthy', 1),
(131, 1, 2, 'WAR', 'Warangal', 1),
(132, 1, 2, 'YEL', 'Yellandu', 1),
(133, 1, 2, 'YEM', 'Yemmiganur', 1),
(134, 1, 2, 'YER', 'Yerraguntla', 1),
(135, 1, 2, 'ZAH', 'Zahirabad', 1),
(136, 1, 2, 'RAJ', 'Rajampet', 1),
(137, 1, 3, 'ALO', 'Along', 1),
(138, 1, 3, 'BOM', 'Bomdila', 1),
(139, 1, 3, 'ITA', 'Itanagar', 1),
(140, 1, 3, 'NAH', 'Naharlagun', 1),
(141, 1, 3, 'PAS', 'Pasighat', 1),
(142, 1, 4, 'ABH', 'Abhayapuri', 1),
(143, 1, 4, 'AMG', 'Amguri', 1),
(144, 1, 4, 'ANA', 'Anandnagaar', 1),
(145, 1, 4, 'BAR', 'Barpeta', 1),
(146, 1, 4, 'BARP', 'Barpeta Road', 1),
(147, 1, 4, 'BIL', 'Bilasipara', 1),
(148, 1, 4, 'BON', 'Bongaigaon', 1),
(149, 1, 4, 'DHE', 'Dhekiajuli', 1),
(150, 1, 4, 'DHU', 'Dhubri', 1),
(151, 1, 4, 'DIB', 'Dibrugarh', 1),
(152, 1, 4, 'DIG', 'Digboi', 1),
(153, 1, 4, 'DIP', 'Diphu', 1),
(154, 1, 4, 'DIS', 'Dispur', 1),
(156, 1, 4, 'GAU', 'Gauripur', 1),
(157, 1, 4, 'GOA', 'Goalpara', 1),
(158, 1, 4, 'GOLA', 'Golaghat', 1),
(159, 1, 4, 'GUWA', 'Guwahati', 1),
(160, 1, 4, 'HAFL', 'Haflong', 1),
(161, 1, 4, 'HAI', 'Hailakandi', 1),
(162, 1, 4, 'HOJ', 'Hojai', 1),
(163, 1, 4, 'JOR', 'Jorhat', 1),
(164, 1, 4, 'KAR', 'Karimganj', 1),
(165, 1, 4, 'KOK', 'Kokrajhar', 1),
(166, 1, 4, 'LAN', 'Lanka', 1),
(167, 1, 4, 'LUM', 'Lumding', 1),
(168, 1, 4, 'MAN', 'Mangaldoi', 1),
(169, 1, 4, 'MANK', 'Mankachar', 1),
(170, 1, 4, 'MAR', 'Margherita', 1),
(171, 1, 4, 'MARI', 'Mariani', 1),
(172, 1, 4, 'MAR', 'Marigaon', 1),
(173, 1, 4, 'NAG', 'Nagaon', 1),
(174, 1, 4, 'NAL', 'Nalbari', 1),
(175, 1, 4, 'NLI', 'North Lakhimpur', 1),
(176, 1, 4, 'RAN', 'Rangia', 1),
(177, 1, 4, 'SIB', 'Sibsagar', 1),
(178, 1, 4, 'SIL', 'Silapathar', 1),
(179, 1, 4, 'SILC', 'Silchar', 1),
(180, 1, 4, 'TEZ', 'Tezpur', 1),
(181, 1, 4, 'TIN', 'Tinsukia', 1),
(182, 1, 5, 'AMA', 'Amarpur', 1),
(183, 1, 5, 'ARA', 'Araria', 1),
(184, 1, 5, 'ARE', 'Areraj', 1),
(185, 1, 5, 'ARR', 'Arrah', 1),
(186, 1, 5, 'ASA', 'Asarganj', 1),
(187, 1, 5, 'AUR', 'Aurangabad', 1),
(188, 1, 5, 'BAG', 'Bagaha', 1),
(189, 1, 5, 'BAH', 'Bahadurganj', 1),
(190, 1, 5, 'BAI', 'Bairgania', 1),
(191, 1, 5, 'BAK', 'Bakhtiarpur', 1),
(192, 1, 5, 'BAN', 'Banka', 1),
(193, 1, 5, 'BNB', 'Banmankhi Bazar', 1),
(194, 1, 5, 'BAR', 'Barahiya', 1),
(195, 1, 5, 'BRI', 'Barauli', 1),
(196, 1, 5, 'BAB', 'Barbigha', 1),
(197, 1, 5, 'BAR', 'Barh', 1),
(198, 1, 5, 'BEU', 'Begusarai', 1),
(199, 1, 5, 'BEH', 'Behea', 1),
(200, 1, 5, 'BET', 'Bettiah', 1),
(201, 1, 5, 'BHA', 'Bhabua', 1),
(202, 1, 5, 'BHAG', 'Bhagalpur', 1),
(203, 1, 5, 'BHR', 'Bihar Sharif', 1),
(204, 1, 5, 'BIK', 'Bikramganj', 1),
(205, 1, 5, 'BDG', 'Bodh Gaya', 1),
(206, 1, 5, 'BUX', 'Buxar', 1),
(207, 1, 5, 'CNB', 'Chandan Bara', 1),
(208, 1, 5, 'CNP', 'Chanpatia', 1),
(209, 1, 5, 'CPR', 'Chhapra', 1),
(210, 1, 5, 'CLG', 'Colgong', 1),
(211, 1, 5, 'DSR', 'Dalsinghsarai', 1),
(212, 1, 5, 'DBG', 'Darbhanga', 1),
(213, 1, 5, 'DDG', 'Daudnagar', 1),
(214, 1, 5, 'DOS', 'Dehri-on-Sone', 1),
(215, 1, 5, 'DHK', 'Dhaka', 1),
(216, 1, 5, 'DGW', 'Dighwara', 1),
(217, 1, 5, 'DRN', 'Dumraon', 1),
(218, 1, 5, 'FTH', 'Fatwah', 1),
(219, 1, 5, 'FBG', 'Forbesganj', 1),
(220, 1, 5, 'GAY', 'Gaya', 1),
(221, 1, 5, 'GOG', 'Gogri Jamalpur', 1),
(222, 1, 5, 'GLG', 'Gopalganj', 1),
(223, 1, 5, 'HJP', 'Hajipur', 1),
(224, 1, 5, 'HLA', 'Hilsa', 1),
(225, 1, 5, 'HIS', 'Hisua', 1),
(226, 1, 5, 'ISL', 'Islampur', 1),
(227, 1, 5, 'JDS', 'Jagdispur', 1),
(228, 1, 5, 'JLP', 'Jamalpur', 1),
(229, 1, 5, 'JMI', 'Jamui', 1),
(230, 1, 5, 'JNB', 'Jehanabad', 1),
(231, 1, 5, 'JHA', 'Jhajha', 1),
(232, 1, 5, 'JJR', 'Jhanjharpur', 1),
(233, 1, 5, 'JBI', 'Jogabani', 1),
(234, 1, 5, 'KAN', 'Kanti', 1),
(235, 1, 5, 'KTR', 'Katihar', 1),
(236, 1, 5, 'KGR', 'Khagaria', 1),
(237, 1, 5, 'KGP', 'Kharagpur', 1),
(238, 1, 5, 'KNJ', 'Kishanganj', 1),
(239, 1, 5, 'LSI', 'Lakhisarai', 1),
(240, 1, 5, 'LLJ', 'Lalganj', 1),
(241, 1, 5, 'MDR', 'Madhepura', 1),
(242, 1, 5, 'MBI', 'Madhubani', 1),
(243, 1, 5, 'MJJ', 'Maharajganj', 1),
(244, 1, 5, 'MRB', 'Mahnar Bazar', 1),
(245, 1, 5, 'MDR', 'Makhdumpur', 1),
(246, 1, 5, 'MNR', 'Maner', 1),
(247, 1, 5, 'MII', 'Manihari', 1),
(248, 1, 5, 'MHR', 'Marhaura', 1),
(249, 1, 5, 'MAI', 'Masaurhi', 1),
(250, 1, 5, 'MGJ', 'Mirganj', 1),
(251, 1, 5, 'MKH', 'Mokameh', 1),
(252, 1, 5, 'MII', 'Motihari', 1),
(253, 1, 5, 'MTR', 'Motipur', 1),
(254, 1, 5, 'MNG', 'Munger', 1),
(255, 1, 5, 'MLJ', 'Murliganj', 1),
(256, 1, 5, 'MFR', 'Muzaffarpur', 1),
(257, 1, 5, 'NIJ', 'Narkatiaganj', 1),
(258, 1, 5, 'NCA', 'Naugachhia', 1),
(259, 1, 5, 'NAA', 'Nawada', 1),
(260, 1, 5, 'NKA', 'Nokha', 1),
(261, 1, 5, 'PTA', 'Patna', 1),
(262, 1, 5, 'PIR', 'Piro', 1),
(263, 1, 5, 'PRA', 'Purnia', 1),
(264, 1, 5, 'RIJ', 'Rafiganj', 1),
(265, 1, 5, 'RJR', 'Rajgir', 1),
(266, 1, 5, 'RNR', 'Ramnagar', 1),
(267, 1, 5, 'RLB', 'Raxaul Bazar', 1),
(268, 1, 5, 'RLJ', 'Revelganj', 1),
(269, 1, 5, 'RSA', 'Rosera', 1),
(270, 1, 5, 'SRA', 'Saharsa', 1),
(271, 1, 5, 'STR', 'Samastipur', 1),
(272, 1, 5, 'SAM', 'Sasaram', 1),
(273, 1, 5, 'SHA', 'Sheikhpura', 1),
(274, 1, 5, 'SOR', 'Sheohar', 1),
(275, 1, 5, 'SGI', 'Sherghati', 1),
(276, 1, 5, 'SLO', 'Silao', 1),
(277, 1, 5, 'SMI', 'Sitamarhi', 1),
(278, 1, 5, 'SIN', 'Siwan', 1),
(279, 1, 5, 'SNR', 'Sonepur', 1),
(280, 1, 5, 'SAI', 'Sugauli', 1),
(281, 1, 5, 'SLJ', 'Sultanganj', 1),
(282, 1, 5, 'SPL', 'Supaul', 1),
(283, 1, 5, 'WLJ', 'Warisaliganj', 1),
(284, 1, 6, 'AHW', 'Ahiwara', 1),
(285, 1, 6, 'AKL', 'Akaltara', 1),
(286, 1, 6, 'ABG', 'Ambagarh Chowki', 1),
(287, 1, 6, 'AKR', 'Ambikapur', 1),
(288, 1, 6, 'ANG', 'Arang', 1),
(289, 1, 6, 'BBI', 'Bade Bacheli', 1),
(290, 1, 6, 'BLD', 'Balod', 1),
(291, 1, 6, 'BBR', 'Baloda Bazar', 1),
(292, 1, 6, 'BTA', 'Bemetra', 1),
(293, 1, 6, 'BPR', 'Bhatapara', 1),
(294, 1, 6, 'BSR', 'Bilaspur', 1),
(295, 1, 6, 'BGN', 'Birgaon', 1),
(296, 1, 6, 'CMA', 'Champa', 1),
(297, 1, 6, 'CMI', 'Chirmiri', 1),
(298, 1, 6, 'DRA', 'Dalli-Rajhara', 1),
(299, 1, 6, 'DTI', 'Dhamtari', 1),
(300, 1, 6, 'DPA', 'Dipka', 1),
(301, 1, 6, 'DRH', 'Dongargarh', 1),
(302, 1, 6, 'DBN', 'Durg-Bhilai Nagar', 1),
(303, 1, 6, 'GNA', 'Gobranawapara', 1),
(304, 1, 6, 'JDP', 'Jagdalpur', 1),
(305, 1, 6, 'JJR', 'Janjgir', 1),
(306, 1, 6, 'JPG', 'Jashpurnagar', 1),
(307, 1, 6, 'KKR', 'Kanker', 1),
(308, 1, 6, 'KWA', 'Kawardha', 1),
(309, 1, 6, 'KDN', 'Kondagaon', 1),
(310, 1, 6, 'KBA', 'Korba', 1),
(311, 1, 6, 'MSD', 'Mahasamund', 1),
(312, 1, 6, 'MDH', 'Mahendragarh', 1),
(313, 1, 6, 'MGI', 'Mungeli', 1),
(314, 1, 6, 'NJR', 'Naila Janjgir', 1),
(315, 1, 6, 'RGH', 'Raigarh', 1),
(316, 1, 6, 'RIR', 'Raipur', 1),
(317, 1, 6, 'RND', 'Rajnandgaon', 1),
(318, 1, 6, 'SKI', 'Sakti', 1),
(319, 1, 6, 'TNA', 'Tilda Newra', 1),
(320, 1, 10, 'AML', 'Amli', 1),
(321, 1, 10, 'SVA', 'Silvassa', 1),
(322, 1, 8, 'Daman', 'Daman and Diu', 1),
(323, 1, 8, 'DIU', 'Daman and Diu', 1),
(324, 1, 9, 'ALA', 'Asola', 1),
(325, 1, 9, 'Dlhi', 'Delhi', 1),
(326, 1, 11, 'ALDA', 'Aldona', 1),
(327, 1, 11, 'CCR', 'Curchorem Cacora', 1),
(328, 1, 11, 'MDG', 'Madgaon', 1),
(329, 1, 11, 'MPA', 'Mapusa', 1),
(330, 1, 11, 'MRO', 'Margao', 1),
(331, 1, 11, 'MMO', 'Marmagao', 1),
(332, 1, 11, 'PJI', 'Panaji', 1),
(333, 1, 12, 'ADB', 'Ahmedabad', 1),
(334, 1, 12, 'ARI', 'Amreli', 1),
(335, 1, 12, 'AAD', 'Anand', 1),
(336, 1, 12, 'ASR', 'Ankleshwar', 1),
(337, 1, 12, 'BRH', 'Bharuch', 1),
(338, 1, 12, 'BVR', 'Bhavnagar', 1),
(339, 1, 12, 'BUJ', 'Bhuj', 1),
(340, 1, 12, 'CBY', 'Cambay', 1),
(341, 1, 12, 'DHD', 'Dahod', 1),
(342, 1, 12, 'DEA', 'Deesa', 1),
(343, 1, 12, 'DRR', 'Dharampur', 1),
(344, 1, 12, 'DLA', 'Dholka', 1),
(345, 1, 12, 'GIG', 'Gandhinagar', 1),
(346, 1, 12, 'GDR', 'Godhra', 1),
(347, 1, 12, 'HTG', 'Himatnagar', 1),
(348, 1, 12, 'IDR', 'Idar', 1),
(349, 1, 12, 'JMR', 'Jamnagar', 1),
(350, 1, 12, 'JGH', 'Junagadh', 1),
(351, 1, 12, 'KDI', 'Kadi', 1),
(352, 1, 12, 'KLD', 'Kalavad', 1),
(353, 1, 12, 'KLL', 'Kalol', 1),
(354, 1, 12, 'KDJ', 'Kapadvanj', 1),
(355, 1, 12, 'KRN', 'Karjan', 1),
(356, 1, 12, 'KSD', 'Keshod', 1),
(357, 1, 12, 'KBA', 'Khambhalia', 1),
(358, 1, 12, 'KBT', 'Khambhat', 1),
(359, 1, 12, 'KEA', 'Kheda', 1),
(360, 1, 12, 'KBA', 'Khedbrahma', 1),
(361, 1, 12, 'KRU', 'Kheralu', 1),
(362, 1, 12, 'KIR', 'Kodinar', 1),
(363, 1, 12, 'LTI', 'Lathi', 1),
(364, 1, 12, 'LBI', 'Limbdi', 1),
(365, 1, 12, 'LWA', 'Lunawada', 1),
(366, 1, 12, 'MSA', 'Mahesana', 1),
(367, 1, 12, 'MHA', 'Mahuva', 1),
(368, 1, 12, 'MVR', 'Manavadar', 1),
(369, 1, 12, 'MDI', 'Mandvi', 1),
(370, 1, 12, 'MGL', 'Mangrol', 1),
(371, 1, 12, 'MNA', 'Mansa', 1),
(372, 1, 12, 'MDB', 'Mehmedabad', 1),
(373, 1, 12, 'MDA', 'Modasa', 1),
(374, 1, 12, 'MRI', 'Morvi', 1),
(375, 1, 12, 'NDD', 'Nadiad', 1),
(376, 1, 12, 'NSI', 'Navsari', 1),
(377, 1, 12, 'PDA', 'Padra', 1),
(378, 1, 12, 'PLP', 'Palanpur', 1),
(379, 1, 12, 'PTA', 'Palitana', 1),
(380, 1, 12, 'PRI', 'Pardi', 1),
(381, 1, 12, 'PTN', 'Patan', 1),
(382, 1, 12, 'PTD', 'Petlad', 1),
(383, 1, 12, 'PBD', 'Porbandar', 1),
(384, 1, 12, 'RNR', 'Radhanpur', 1),
(385, 1, 12, 'RJT', 'Rajkot', 1),
(386, 1, 12, 'RPA', 'Rajpipla', 1),
(387, 1, 12, 'RJA', 'Rajula', 1),
(388, 1, 12, 'RAV', 'Ranavav', 1),
(389, 1, 12, 'RPR', 'Rapar', 1),
(390, 1, 12, 'SLA', 'Salaya', 1),
(391, 1, 12, 'SND', 'Sanand', 1),
(392, 1, 12, 'SKD', 'Savarkundla', 1),
(393, 1, 12, 'SDR', 'Sidhpur', 1),
(394, 1, 12, 'SHR', 'Sihor', 1),
(395, 1, 12, 'SGD', 'Songadh', 1),
(396, 1, 12, 'SRT', 'Surat', 1),
(397, 1, 12, 'TLJ', 'Talaja', 1),
(398, 1, 12, 'TGD', 'Thangadh', 1),
(399, 1, 12, 'TRD', 'Tharad', 1),
(400, 1, 12, 'URN', 'Umbergaon', 1),
(401, 1, 12, 'UET', 'Umreth', 1),
(402, 1, 12, 'UA', 'Una', 1),
(403, 1, 12, 'UJA', 'Unjha', 1),
(404, 1, 12, 'ULT', 'Upleta', 1),
(405, 1, 12, 'VDR', 'Vadnagar', 1),
(406, 1, 12, 'VDA', 'Vadodara', 1),
(407, 1, 12, 'VLD', 'Valsad', 1),
(408, 1, 12, 'VPI', 'Vapi', 1),
(409, 1, 12, 'VP', 'Vapi', 1),
(410, 1, 12, 'VRAL', 'Veraval', 1),
(411, 1, 12, 'VJPR', 'Vijapur', 1),
(412, 1, 12, 'VRM', 'Viramgam', 1),
(413, 1, 12, 'VNR', 'Visnagar', 1),
(414, 1, 12, 'VAA', 'Vyara', 1),
(415, 1, 12, 'WHN', 'Wadhwan', 1),
(416, 1, 12, 'WKR', 'Wankaner', 1),
(417, 1, 12, 'ALJ', 'Adalaj', 1),
(418, 1, 12, 'ATA', 'Adityana', 1),
(419, 1, 12, 'ALG', 'Alang', 1),
(420, 1, 12, 'ABI', 'Ambaji', 1),
(421, 1, 12, 'ALS', 'Ambaliyasan', 1),
(422, 1, 12, 'ADA', 'Andada', 1),
(423, 1, 12, 'AJR', 'Anjar', 1),
(424, 1, 12, 'AKV', 'Anklav', 1),
(425, 1, 12, 'ATY', 'Antaliya', 1),
(426, 1, 12, 'ABA', 'Arambhada', 1),
(427, 1, 12, 'ATL', 'Atul', 1),
(428, 1, 14, 'BLG', 'Ballabhgarh', 1),
(429, 1, 14, 'ABA', 'Ambala', 1),
(430, 1, 14, 'ABA', 'Ambala', 1),
(431, 1, 14, 'AKD', 'Asankhurd', 1),
(432, 1, 14, 'AAH', 'Assandh', 1),
(433, 1, 14, 'ALI', 'Ateli', 1),
(434, 1, 14, 'BIL', 'Babiyal', 1),
(435, 1, 14, 'BDG', 'Bahadurgarh', 1),
(436, 1, 14, 'BWA', 'Barwala', 1),
(437, 1, 14, 'BWI', 'Bhiwani', 1),
(438, 1, 14, 'CID', 'Charkhi Dadri', 1),
(439, 1, 14, 'CKA', 'Cheeka', 1),
(440, 1, 14, 'END', 'Ellenabad 2', 1),
(441, 1, 14, 'FDB', 'Faridabad', 1),
(442, 1, 14, 'FHD', 'Fatehabad', 1),
(443, 1, 14, 'GNR', 'Ganaur', 1),
(444, 1, 14, 'GAD', 'Gharaunda', 1),
(445, 1, 14, 'GHA', 'Gohana', 1),
(446, 1, 14, 'GGN', 'Gurgaon', 1),
(447, 1, 14, 'HBT', 'Haibat(Yamuna Nagar)', 1),
(448, 1, 14, 'HNI', 'Hansi', 1),
(449, 1, 14, 'HSR', 'Hisar', 1),
(450, 1, 14, 'HDL', 'Hodal', 1),
(451, 1, 14, 'JJR', 'Jhajjar', 1),
(452, 1, 14, 'JND', 'Jind', 1),
(453, 1, 14, 'KTL', 'Kaithal', 1),
(454, 1, 14, 'KWI', 'Kalan Wali', 1),
(455, 1, 14, 'KLA', 'Kalka', 1),
(456, 1, 14, 'KRL', 'Karnal', 1),
(457, 1, 14, 'LDA', 'Ladwa', 1),
(458, 1, 14, 'MDH', 'Mahendragarh', 1),
(459, 1, 14, 'MDL', 'Mandi Dabwali', 1),
(460, 1, 14, 'NNL', 'Narnaul', 1),
(461, 1, 14, 'NWA', 'Narwana', 1),
(462, 1, 14, 'PLL', 'Palwal', 1),
(463, 1, 14, 'PKA', 'Panchkula', 1),
(464, 1, 14, 'PIT', 'Panipat', 1),
(465, 1, 14, 'POA', 'Pehowa', 1),
(466, 1, 14, 'PJE', 'Pinjore', 1),
(467, 1, 14, 'RIA', 'Rania', 1),
(468, 1, 14, 'RTA', 'Ratia', 1),
(469, 1, 14, 'RAI', 'Rewari', 1),
(470, 1, 14, 'RTK', 'Rohtak', 1),
(471, 1, 14, 'SFD', 'Safidon', 1),
(472, 1, 14, 'SLA', 'Samalkha', 1),
(473, 1, 14, 'SHD', 'Shahbad', 1),
(474, 1, 14, 'SRA', 'Sirsa', 1),
(475, 1, 14, 'SHA', 'Sohna', 1),
(476, 1, 14, 'SIP', 'Sonipat', 1),
(477, 1, 14, 'TRI', 'Taraori', 1),
(478, 1, 14, 'TNR', 'Thanesar', 1),
(479, 1, 14, 'THA', 'Tohana', 1),
(480, 1, 14, 'YNGR', 'Yamunanagar', 1),
(481, 1, 13, 'ARI', 'Arki', 1),
(482, 1, 13, 'BDI', 'Baddi', 1),
(483, 1, 13, 'BSP', 'Bilaspur', 1),
(484, 1, 13, 'CMA', 'Chamba', 1),
(485, 1, 13, 'DOE', 'Dalhousie', 1),
(486, 1, 13, 'DMS', 'Dharamsala', 1),
(487, 1, 13, 'HIR', 'Hamirpur', 1),
(488, 1, 13, 'MND', 'Mandi', 1),
(489, 1, 13, 'NHN', 'Nahan', 1),
(490, 1, 13, 'SMA', 'Shimla', 1),
(491, 1, 13, 'SLN', 'Solan', 1),
(492, 1, 13, 'SNDR', 'Sundarnagar', 1),
(493, 1, 15, 'JMU', 'Jammu', 1),
(494, 1, 15, 'ABL', 'Achabbal', 1),
(495, 1, 15, 'AKNR', 'Akhnoor', 1),
(496, 1, 15, 'ANTG', 'Anantnag', 1),
(497, 1, 15, 'ANA', 'Arnia', 1),
(498, 1, 15, 'ATA', 'Awantipora', 1),
(499, 1, 15, 'BDR', 'Bandipore', 1),
(500, 1, 15, 'BMA', 'Baramula', 1),
(501, 1, 15, 'KHA', 'Kathua', 1),
(502, 1, 15, 'LH', 'Leh', 1),
(503, 1, 15, 'PNH', 'Punch', 1),
(504, 1, 15, 'RJI', 'Rajauri', 1),
(505, 1, 15, 'SPR', 'Sopore', 1),
(506, 1, 15, 'SNR', 'Srinagar', 1),
(507, 1, 15, 'UMR', 'Udhampur', 1),
(508, 1, 16, 'ALBD', 'Amlabad', 1),
(509, 1, 16, 'ARA', 'Ara', 1),
(510, 1, 16, 'BGTU', 'Barughutu', 1),
(511, 1, 16, 'BSC', 'Bokaro Steel City', 1),
(512, 1, 16, 'CBA', 'Chaibasa', 1),
(513, 1, 16, 'CDPR', 'Chakradharpur', 1),
(514, 1, 16, 'CDPA', 'Chandrapura', 1),
(515, 1, 16, 'CTRA', 'Chatra', 1),
(516, 1, 16, 'CKDA', 'Chirkunda', 1),
(517, 1, 16, 'CRI', 'Churi', 1),
(518, 1, 16, 'DTNJ', 'Daltonganj', 1),
(519, 1, 16, 'DGR', 'Deoghar', 1),
(520, 1, 16, 'DNBD', 'Dhanbad', 1),
(521, 1, 16, 'DMKA', 'Dumka', 1),
(522, 1, 16, 'GHA', 'Garhwa', 1),
(523, 1, 16, 'GTLA', 'Ghatshila', 1),
(524, 1, 16, 'GRDH', 'Giridih', 1),
(525, 1, 16, 'GDA', 'Godda', 1),
(526, 1, 16, 'GMH', 'Gomoh', 1),
(527, 1, 16, 'GMA', 'Gumia', 1),
(528, 1, 16, 'GMA', 'Gumla', 1),
(529, 1, 16, '', 'Hazaribag', 1),
(530, 1, 16, 'HIBD', 'Hussainabad', 1),
(531, 1, 16, 'JHDR', 'Jamshedpur', 1),
(532, 1, 16, 'JTRA', 'Jamtara', 1),
(533, 1, 16, 'JTYA', 'Jhumri Tilaiya', 1),
(534, 1, 16, 'KNI', 'Khunti', 1),
(535, 1, 16, 'LRA', 'Lohardaga', 1),
(536, 1, 16, 'MDPR', 'Madhupur', 1),
(537, 1, 16, 'MIJM', 'Mihijam', 1),
(538, 1, 16, 'MSDI', 'Musabani', 1),
(539, 1, 16, 'PKR', 'Pakaur', 1),
(540, 1, 16, 'PRU', 'Patratu', 1),
(541, 1, 16, 'PSO', 'Phusro', 1),
(542, 1, 16, 'RNGH', 'Ramngarh', 1),
(543, 1, 16, 'RCI', 'Ranchi', 1),
(544, 1, 16, 'SBJ', 'Sahibganj', 1),
(545, 1, 16, 'SNA', 'Saunda', 1),
(546, 1, 16, 'SDA', 'Simdega', 1),
(547, 1, 16, 'KTHR', 'Tenu Dam-cum- Kathhara', 1),
(548, 1, 18, 'AIKE', 'Arasikere', 1),
(549, 1, 18, 'BGLR', 'Bangalore', 1),
(550, 1, 18, 'BLGM', 'Belgaum', 1),
(551, 1, 18, 'BLAR', 'Bellary', 1),
(552, 1, 18, 'CRJR', 'Chamrajnagar', 1),
(553, 1, 18, 'CBLR', 'Chikkaballapur', 1),
(554, 1, 18, 'CTMI', 'Chintamani', 1),
(555, 1, 18, 'CRDA', 'Chitradurga', 1),
(556, 1, 18, 'GLBGA', 'Gulbarga', 1),
(557, 1, 18, 'GLT', 'Gundlupet', 1),
(558, 1, 18, 'HSN', 'Hassan', 1),
(559, 1, 18, 'HST', 'Hospet', 1),
(560, 1, 18, 'HBI', 'Hubli', 1),
(561, 1, 18, 'KKA', 'Karkala', 1),
(562, 1, 18, 'KRR', 'Karwar', 1),
(563, 1, 18, 'KLR', 'Kolar', 1),
(564, 1, 18, 'KTA', 'Kota', 1),
(565, 1, 18, 'LSHWR', 'Lakshmeshwar', 1),
(566, 1, 18, 'LGS', 'Lingsugur', 1),
(567, 1, 18, 'MDR', 'Maddur', 1),
(568, 1, 18, 'MUR', 'Madhugiri', 1),
(569, 1, 18, 'MDKI', 'Madikeri', 1),
(570, 1, 18, 'MGI', 'Magadi', 1),
(571, 1, 18, 'MLNR', 'Mahalingpur', 1),
(572, 1, 18, 'MVI', 'Malavalli', 1),
(573, 1, 18, 'MLR', 'Malur', 1),
(574, 1, 18, 'MDY', 'Mandya', 1),
(575, 1, 18, 'MGLR', 'Mangalore', 1),
(576, 1, 18, 'MNV', 'Manvi', 1),
(577, 1, 18, 'MLI', 'Mudalgi', 1),
(578, 1, 18, 'MDRI', 'Mudbidri', 1),
(579, 1, 18, 'MBL', 'Muddebihal', 1),
(580, 1, 18, 'MDL', 'Mudhol', 1),
(581, 1, 18, 'MBL', 'Mulbagal', 1),
(582, 1, 18, 'MDI', 'Mundargi', 1),
(583, 1, 18, 'MSR', 'Mysore', 1),
(584, 1, 18, 'NJD', 'Nanjangud', 1),
(585, 1, 18, 'PGDA', 'Pavagada', 1),
(586, 1, 18, 'PTR', 'Puttur', 1),
(587, 1, 18, 'RBKI', 'Rabkavi Banhatti', 1),
(588, 1, 18, 'RCR', 'Raichur', 1),
(589, 1, 18, 'RNR', 'Ramanagaram', 1),
(590, 1, 18, 'RDG', 'Ramdurg', 1),
(591, 1, 18, 'RBNR', 'Ranibennur', 1),
(592, 1, 18, 'RBTN', 'Robertson Pet', 1),
(593, 1, 18, 'RON', 'Ron', 1),
(594, 1, 18, 'SDL', 'Sadalgi', 1),
(595, 1, 18, 'SGR', 'Sagar', 1),
(596, 1, 18, 'SEPR', 'Sakleshpur', 1),
(597, 1, 18, 'SDR', 'Sandur', 1),
(598, 1, 18, 'SKH', 'Sankeshwar', 1),
(599, 1, 18, 'SNDI', 'Saundatti-Yellamma', 1),
(600, 1, 18, 'SVR', 'Savanur', 1),
(601, 1, 18, 'SDM', 'Sedam', 1),
(602, 1, 18, 'SHD', 'Shahabad', 1),
(603, 1, 18, 'SHR', 'Shahpur', 1),
(604, 1, 18, 'SGN', 'Shiggaon', 1),
(605, 1, 18, 'SKR', 'Shikapur', 1),
(606, 1, 18, 'SMA', 'Shimoga', 1),
(607, 1, 18, 'SRR', 'Shorapur', 1),
(608, 1, 18, 'SRPT', 'Shrirangapattana', 1),
(609, 1, 18, 'SDGTA', 'Sidlaghatta', 1),
(610, 1, 18, 'SDI', 'Sindgi', 1),
(611, 1, 18, 'SHR', 'Sindhnur', 1),
(612, 1, 18, 'SRA', 'Sira', 1),
(613, 1, 18, 'SRI', 'Sirsi', 1),
(614, 1, 18, 'SGPA', 'Siruguppa', 1),
(615, 1, 18, 'SIVR', 'Srinivaspur', 1),
(616, 1, 18, 'TKT', 'Talikota', 1),
(617, 1, 18, 'TKR', 'Tarikere', 1),
(618, 1, 18, 'TLKA', 'Tekkalakota', 1),
(619, 1, 18, 'TDL', 'Terdal', 1),
(620, 1, 18, 'TPR', 'Tiptur', 1),
(621, 1, 18, 'TMR', 'Tumkur', 1),
(622, 1, 18, 'UDP', 'Udupi', 1),
(623, 1, 18, 'VYPA', 'Vijayapura', 1),
(624, 1, 18, 'WDI', 'Wadi', 1),
(625, 1, 18, 'YDR', 'Yadgir', 1),
(626, 1, 17, 'ADR', 'Adoor', 1),
(627, 1, 17, 'ATIR', 'Akathiyoor', 1),
(628, 1, 17, 'APZA', 'Alappuzha', 1),
(629, 1, 17, 'ARKY', 'Ancharakandy', 1),
(630, 1, 17, 'AROR', 'Aroor', 1),
(631, 1, 17, 'ATIR', 'Ashtamichira', 1),
(632, 1, 17, 'AINL', 'Attingal', 1),
(633, 1, 17, 'AISY', 'Avinissery', 1),
(634, 1, 17, 'CLKD', 'Chalakudy', 1),
(635, 1, 17, 'CGSR', 'Changanassery', 1),
(636, 1, 17, 'CDNM', 'Chendamangalam', 1),
(637, 1, 17, 'CGNR', 'Chengannur', 1),
(638, 1, 17, 'CRTA', 'Cherthala', 1),
(639, 1, 17, 'CTAM', 'Cheruthazham', 1),
(640, 1, 17, 'CTR', 'Chittur-Thathamangalam', 1),
(641, 1, 17, 'CCI', 'Chockli', 1),
(642, 1, 17, 'ERTA', 'Erattupetta', 1),
(643, 1, 17, 'CVYR', 'Guruvayoor', 1),
(644, 1, 17, 'IJLA', 'Irinjalakuda', 1),
(645, 1, 17, 'KDRR', 'Kadirur', 1),
(646, 1, 17, 'KAR', 'Kalliasseri', 1),
(647, 1, 17, 'KPA', 'Kalpetta', 1),
(648, 1, 17, 'KAD', 'Kanhangad', 1),
(649, 1, 17, 'KKI', 'Kanjikkuzhi', 1),
(650, 1, 17, 'KNR', 'Kannur', 1),
(651, 1, 17, 'KSRD', 'Kasaragod', 1),
(652, 1, 17, 'KMLM', 'Kayamkulam', 1),
(653, 1, 17, 'KCI', 'Kochi', 1),
(654, 1, 17, 'KDGR', 'Kodungallur', 1),
(655, 1, 17, 'KLM', 'Kollam', 1),
(656, 1, 17, 'KPRA', 'Koothuparamba', 1),
(657, 1, 17, 'KMM', 'Kothamangalam', 1),
(658, 1, 17, 'KTYM', 'Kottayam', 1),
(659, 1, 17, 'KIE', 'Kozhikode', 1),
(660, 1, 17, 'KMKM', 'Kunnamkulam', 1),
(661, 1, 17, 'MPRM', 'Malappuram', 1),
(662, 1, 17, 'MTNR', 'Mattannur', 1),
(663, 1, 17, 'MIA', 'Mavelikkara', 1),
(664, 1, 17, 'MVR', 'Mavoor', 1),
(665, 1, 17, 'MTPA', 'Muvattupuzha', 1),
(666, 1, 17, 'NMD', 'Nedumangad', 1),
(667, 1, 17, 'NTA', 'Neyyattinkara', 1),
(668, 1, 17, 'OPL', 'Ottappalam', 1),
(669, 1, 17, 'PLI', 'Palai', 1),
(670, 1, 17, 'PKD', 'Palakkad', 1),
(671, 1, 17, 'PYR', 'Panniyannur', 1),
(672, 1, 17, 'PNSR', 'Pappinisseri', 1),
(673, 1, 17, 'PRVR', 'Paravoor', 1),
(674, 1, 17, 'PTMA', 'Pathanamthitta', 1),
(675, 1, 17, 'PYNR', 'Payyannur', 1),
(676, 1, 17, 'PGR', 'Peringathur', 1),
(677, 1, 17, 'PHLA', 'Perinthalmanna', 1),
(678, 1, 17, 'PBR', 'Perumbavoor', 1),
(679, 1, 17, 'PNI', 'Ponnani', 1),
(680, 1, 17, 'PLR', 'Punalur', 1),
(681, 1, 17, 'QLY', 'Quilandy', 1),
(682, 1, 17, 'SRR', 'Shoranur', 1),
(683, 1, 17, 'TPMBA', 'Taliparamba', 1),
(684, 1, 17, 'TRLA', 'Thiruvalla', 1),
(685, 1, 17, 'TRVNTPRM', 'Thiruvananthapuram', 1),
(686, 1, 17, 'TDPA', 'Thodupuzha', 1),
(687, 1, 17, 'TISR', 'Thrissur', 1),
(688, 1, 17, 'TRR', 'Tirur', 1),
(689, 1, 17, 'VDR', 'Vadakara', 1),
(690, 1, 17, 'VKM', 'Vaikom', 1),
(691, 1, 17, 'VKA', 'Varkala', 1),
(692, 1, 19, 'KVRT', 'Kavaratti', 1),
(693, 1, 23, 'ASNR', 'Ashok Nagar', 1),
(694, 1, 23, 'BLGT', 'Balaghat', 1),
(695, 1, 23, 'BTL', 'Betul', 1),
(696, 1, 23, 'BPL', 'Bhopal', 1),
(697, 1, 23, 'BNR', 'Burhanpur', 1),
(698, 1, 23, 'CTRP', 'Chhatarpur', 1),
(699, 1, 23, 'DBR', 'Dabra', 1),
(700, 1, 23, 'DTA', 'Datia', 1),
(701, 1, 23, 'DWS', 'Dewas', 1),
(702, 1, 23, 'DHR', 'Dhar', 1),
(703, 1, 23, 'FTHD', 'Fatehabad', 1),
(704, 1, 23, 'GLR', 'Gwalior', 1),
(705, 1, 23, 'IDR', 'Indore', 1),
(706, 1, 23, 'ITRI', 'Itarsi', 1),
(707, 1, 23, 'JBLR', 'Jabalpur', 1),
(708, 1, 23, 'KTI', 'Katni', 1),
(709, 1, 23, 'KTA', 'Kotma', 1),
(710, 1, 23, 'LHR', 'Lahar', 1),
(711, 1, 23, 'LDI', 'Lundi', 1),
(712, 1, 23, 'MRJR', 'Maharajpur', 1),
(713, 1, 23, 'MDR', 'Mahidpur', 1),
(714, 1, 23, 'MHR', 'Maihar', 1),
(715, 1, 23, 'MJD', 'Malajkhand', 1),
(716, 1, 23, 'MNA', 'Manasa', 1),
(717, 1, 23, 'MNR', 'Manawar', 1),
(718, 1, 23, 'MDP', 'Mandideep', 1),
(719, 1, 23, 'MDA', 'Mandla', 1),
(720, 1, 23, 'MDR', 'Mandsaur', 1),
(721, 1, 23, 'MGJ', 'Mauganj', 1),
(722, 1, 23, 'MHW', 'Mhow Cantonment', 1),
(723, 1, 23, 'MHWN', 'Mhowgaon', 1),
(724, 1, 23, 'MRA', 'Morena', 1),
(725, 1, 23, 'MLI', 'Multai', 1),
(726, 1, 23, 'MWA', 'Murwara', 1),
(727, 1, 23, 'NGA', 'Nagda', 1),
(728, 1, 23, 'NNR', 'Nainpur', 1),
(729, 1, 23, 'NIGH', 'Narsinghgarh', 1),
(730, 1, 23, 'NIGH', 'Narsinghgarh', 1),
(731, 1, 23, 'NMCH', 'Neemuch', 1),
(732, 1, 23, 'NPNGR', 'Nepanagar', 1),
(733, 1, 23, 'NWRI', 'Niwari', 1),
(734, 1, 23, 'NGNG', 'Nowgong', 1),
(735, 1, 23, 'NRZD', 'Nowrozabad', 1),
(736, 1, 23, 'PCR', 'Pachore', 1),
(737, 1, 23, 'PLI', 'Pali', 1),
(738, 1, 23, 'PAR', 'Panagar', 1),
(739, 1, 23, 'PDRA', 'Pandhurna', 1),
(740, 1, 23, 'PNA', 'Panna', 1),
(741, 1, 23, 'PSN', 'Pasan', 1),
(742, 1, 23, 'PRA', 'Pipariya', 1),
(743, 1, 23, 'PTPR', 'Pithampur', 1),
(744, 1, 23, 'PRA', 'Porsa', 1),
(745, 1, 23, 'PVR', 'Prithvipur', 1),
(746, 1, 23, 'RGR', 'Raghogarh-Vijaypur', 1),
(747, 1, 23, 'RTH', 'Rahatgarh', 1),
(748, 1, 23, 'RIN', 'Raisen', 1),
(749, 1, 23, 'RJH', 'Rajgarh', 1),
(750, 1, 23, 'RTM', 'Ratlam', 1),
(751, 1, 23, 'RAU', 'Rau', 1),
(752, 1, 23, 'RHI', 'Rehli', 1),
(753, 1, 23, 'RWA', 'Rewa', 1),
(754, 1, 23, 'SLGH', 'Sabalgarh', 1),
(755, 1, 23, 'SGR', 'Sagar', 1),
(756, 1, 23, 'SNWD', 'Sanawad', 1),
(757, 1, 23, 'SRNR', 'Sarangpur', 1),
(758, 1, 23, 'SRI', 'Sarni', 1),
(759, 1, 23, 'STA', 'Satna', 1),
(760, 1, 23, 'SUSR', 'Sausar', 1),
(761, 1, 23, 'SHR', 'Sehore', 1),
(762, 1, 23, 'SNDA', 'Sendhwa', 1),
(763, 1, 23, 'SENI', 'Seoni', 1),
(764, 1, 23, 'SIMA', 'Seoni-Malwa', 1),
(765, 1, 23, 'SHL', 'Shahdol', 1),
(766, 1, 23, 'SJR', 'Shajapur', 1),
(767, 1, 23, 'SGR', 'Shamgarh', 1),
(768, 1, 23, 'SPR', 'Sheopur', 1),
(769, 1, 23, 'SPI', 'Shivpuri', 1),
(770, 1, 23, 'SJR', 'Shujalpur', 1),
(771, 1, 23, 'SDI', 'Sidhi', 1),
(772, 1, 23, 'SHA', 'Sihora', 1),
(773, 1, 23, 'SRI', 'Singrauli', 1),
(774, 1, 23, 'SRJ', 'Sironj', 1),
(775, 1, 23, 'SGR', 'Sohagpur', 1),
(776, 1, 23, 'TRA', 'Tarana', 1),
(777, 1, 23, 'TMGR', 'Tikamgarh', 1),
(778, 1, 23, 'UHNI', 'Ujhani', 1),
(779, 1, 23, 'UJN', 'Ujjain', 1),
(780, 1, 23, 'URA', 'Umaria', 1),
(781, 1, 23, 'VDSA', 'Vidisha', 1),
(782, 1, 23, 'WESI', 'Wara Seoni', 1),
(783, 1, 21, 'AHDNR', 'Ahmednagar', 1),
(784, 1, 21, 'AKLA', 'Akola', 1),
(785, 1, 21, 'AMT', 'Amravati', 1),
(786, 1, 21, 'ARGD', 'Aurangabad', 1),
(787, 1, 21, 'BRMT', 'Baramati', 1),
(788, 1, 21, 'CLSN', 'Chalisgaon', 1),
(789, 1, 21, 'CNI', 'Chinchani', 1),
(790, 1, 21, 'DVRH', 'Devgarh', 1),
(791, 1, 21, 'DHL', 'Dhule', 1),
(792, 1, 21, 'DMBLI', 'Dombivli', 1),
(793, 1, 21, 'DRGR', 'Durgapur', 1),
(794, 1, 21, 'ILKI', 'Ichalkaranji', 1),
(795, 1, 21, 'JLA', 'Jalna', 1),
(796, 1, 21, 'KLN', 'Kalyan', 1),
(797, 1, 21, 'LTR', 'Latur', 1),
(798, 1, 21, 'LHA', 'Loha', 1),
(799, 1, 21, 'LNR', 'Lonar', 1),
(800, 1, 21, 'LNVA', 'Lonavla', 1),
(801, 1, 21, 'MHD', 'Mahad', 1),
(802, 1, 21, 'MHI', 'Mahuli', 1),
(803, 1, 21, 'MLGN', 'Malegaon', 1),
(804, 1, 21, 'MLKR', 'Malkapur', 1),
(805, 1, 21, 'MNCR', 'Manchar', 1),
(806, 1, 21, 'MGLE', 'Mangalvedhe', 1),
(807, 1, 21, 'MGLR', 'Mangrulpir', 1),
(808, 1, 21, 'MJLN', 'Manjlegaon', 1),
(809, 1, 21, 'MNMD', 'Manmad', 1),
(810, 1, 21, 'MWT', 'Manwath', 1),
(811, 1, 21, 'MHKR', 'Mehkar', 1),
(812, 1, 21, 'MSD', 'Mhaswad', 1),
(813, 1, 21, 'MRJ', 'Miraj', 1),
(814, 1, 21, 'MRI', 'Morshi', 1),
(815, 1, 21, 'MKD', 'Mukhed', 1),
(816, 1, 21, 'MUL', 'Mul', 1),
(817, 1, 21, 'MBI', 'Mumbai', 1),
(818, 1, 21, 'MTR', 'Murtijapur', 1),
(819, 1, 21, 'NGP', 'Nagpur', 1),
(820, 1, 21, 'NSRA', 'Nalasopara', 1),
(821, 1, 21, 'NDD', 'Nanded', 1),
(822, 1, 21, 'NDGN', 'Nandgaon', 1),
(823, 1, 21, 'NDR', 'Nandura', 1),
(824, 1, 21, 'NDR', 'Nandurbar', 1),
(825, 1, 21, 'NRKD', 'Narkhed', 1),
(826, 1, 21, 'NSK', 'Nashik', 1),
(827, 1, 21, 'NMB', 'Navi Mumbai', 1),
(828, 1, 21, 'NWR', 'Nawapur', 1),
(829, 1, 21, 'NLA', 'Nilanga', 1),
(830, 1, 21, 'ONBD', 'Osmanabad', 1),
(831, 1, 21, 'OZR', 'Ozar', 1),
(832, 1, 21, 'PCR', 'Pachora', 1),
(833, 1, 21, 'PTN', 'Paithan', 1),
(834, 1, 21, 'PLGR', 'Palghar', 1),
(835, 1, 21, 'PDRA', 'Pandharkaoda', 1),
(836, 1, 21, 'PDRR', 'Pandharpur', 1),
(837, 1, 21, 'PNL', 'Panvel', 1),
(838, 1, 21, 'PRBI', 'Parbhani', 1),
(839, 1, 21, 'PRI', 'Parli', 1),
(840, 1, 21, 'PRA', 'Parola', 1),
(841, 1, 21, 'PTR', 'Partur', 1),
(842, 1, 21, 'PAD', 'Pathardi', 1),
(843, 1, 21, 'PTI', 'Pathri', 1),
(844, 1, 21, 'PTR', 'Patur', 1),
(845, 1, 21, 'PNI', 'Pauni', 1),
(846, 1, 21, 'PN', 'Pen', 1),
(847, 1, 21, 'PLTN', 'Phaltan', 1),
(848, 1, 21, 'PLGN', 'Pulgaon', 1),
(849, 1, 21, 'PNQ', 'Pune', 1),
(850, 1, 21, 'PRA', 'Purna', 1),
(851, 1, 21, 'PSD', 'Pusad', 1),
(852, 1, 21, 'RUI', 'Rahuri', 1),
(853, 1, 21, 'RJR', 'Rajura', 1),
(854, 1, 21, 'RMTK', 'Ramtek', 1),
(855, 1, 21, 'RTGI', 'Ratnagiri', 1),
(856, 1, 21, 'RVR', 'Raver', 1),
(857, 1, 21, 'RSD', 'Risod', 1),
(858, 1, 21, 'SLU', 'Sailu', 1),
(859, 1, 21, 'SGMR', 'Sangamner', 1),
(860, 1, 21, 'SGI', 'Sangli', 1),
(861, 1, 21, 'SGL', 'Sangole', 1),
(862, 1, 21, 'SVD', 'Sasvad', 1),
(863, 1, 21, 'STA', 'Satana', 1),
(864, 1, 21, 'STR', 'Satara', 1),
(865, 1, 21, 'SNR', 'Savner', 1),
(866, 1, 21, 'SWTD', 'Sawantwadi', 1),
(867, 1, 21, 'SHD', 'Shahade', 1),
(868, 1, 21, 'SHN', 'Shegaon', 1),
(869, 1, 21, 'SDJA', 'Shendurjana', 1),
(870, 1, 21, 'SRI', 'Shirdi', 1),
(871, 1, 21, 'SRPR', 'Shirpur', 1),
(872, 1, 21, 'SRR', 'Shirur', 1),
(873, 1, 21, 'SGD', 'Shrigonda', 1),
(874, 1, 21, 'SRMR', 'Shrirampur', 1),
(875, 1, 21, 'SLD', 'Sillod', 1),
(876, 1, 21, 'SNR', 'Sinnar', 1),
(877, 1, 21, 'SLR', 'Solapur', 1),
(878, 1, 21, 'SYG', 'Soyagaon', 1),
(879, 1, 21, 'TLGN', 'Talegaon Dabhade', 1),
(880, 1, 21, 'TLD', 'Talode', 1),
(881, 1, 21, 'TSGN', 'Tasgaon', 1),
(882, 1, 21, 'TRA', 'Tirora', 1),
(883, 1, 21, 'TJPR', 'Tuljapur', 1),
(884, 1, 21, 'TMR', 'Tumsar', 1),
(885, 1, 21, 'URN', 'Uran', 1),
(886, 1, 21, 'ISLPR', 'Islampur', 1),
(887, 1, 21, 'WDGN', 'Wadgaon Road', 1),
(888, 1, 21, 'WI', 'Wai', 1),
(889, 1, 21, 'WNI', 'Wani', 1),
(890, 1, 21, 'WRDA', 'Wardha', 1),
(891, 1, 21, 'WRORA', 'Warora', 1),
(892, 1, 21, 'WRD', 'Warud', 1),
(893, 1, 21, 'WSM', 'Washim', 1),
(894, 1, 21, 'YVL', 'Yevla', 1),
(895, 1, 21, 'UGN', 'Uchgaon', 1),
(896, 1, 21, 'UGR', 'Udgir', 1),
(897, 1, 21, 'UMRG', 'Umarga', 1),
(898, 1, 21, 'URKD', 'Umarkhed', 1),
(899, 1, 21, 'URD', 'Umred', 1),
(900, 1, 21, 'VGN', 'Vadgaon', 1),
(901, 1, 21, 'VJR', 'Vaijapur', 1),
(902, 1, 21, 'VSI', 'Vasai', 1),
(903, 1, 21, 'VRR', 'Virar', 1),
(904, 1, 21, 'VTA', 'Vita', 1),
(905, 1, 21, 'YTL', 'Yavatmal', 1),
(906, 1, 21, 'YML', 'Yawal', 1),
(907, 1, 22, 'IMPL', 'Imphal', 1),
(908, 1, 22, 'KKG', 'Kakching', 1),
(909, 1, 22, 'LLG', 'Lilong', 1),
(910, 1, 22, 'MYGIL', 'Mayang Imphal', 1),
(911, 1, 22, 'TBL', 'Thoubal', 1),
(912, 1, 20, 'JWI', 'Jowai', 1),
(913, 1, 20, 'NGSN', 'Nongstoin', 1),
(914, 1, 20, 'SLNG', 'Shillong', 1),
(915, 1, 20, 'TRA', 'Tura', 1),
(916, 1, 24, 'AZWL', 'Aizawl', 1),
(917, 1, 24, 'CMPI', 'Champhai', 1),
(918, 1, 24, 'LGI', 'Lunglei', 1),
(919, 1, 24, 'SIA', 'Saiha', 1),
(920, 1, 25, 'DMPR', 'Dimapur', 1),
(921, 1, 25, 'KHA', 'Kohima', 1),
(922, 1, 25, 'MKCG', 'Mokokchung', 1),
(923, 1, 25, 'TNSG', 'Tuensang', 1),
(924, 1, 25, 'WKA', 'Wokha', 1),
(925, 1, 25, 'ZHTO', 'Zunheboto', 1),
(950, 1, 26, 'ANDL', 'Anandapur', 1),
(951, 1, 26, 'AUGL', 'Anugul', 1),
(952, 1, 26, 'AIK', 'Asika', 1),
(953, 1, 26, 'BLGR', 'Balangir', 1),
(954, 1, 26, 'BLSR', 'Balasore', 1),
(955, 1, 26, 'BSHR', 'Baleshwar', 1),
(956, 1, 26, 'BMR', 'Bamra', 1),
(957, 1, 26, 'BRBL', 'Barbil', 1),
(958, 1, 26, 'BRGH', 'Bargarh', 1),
(959, 1, 26, 'BRGH', 'Bargarh', 1),
(960, 1, 26, 'BRPA', 'Baripada', 1),
(961, 1, 26, 'BSDR', 'Basudebpur', 1),
(962, 1, 26, 'BPR', 'Belpahar', 1),
(963, 1, 26, 'BDK', 'Bhadrak', 1),
(964, 1, 26, 'BNTA', 'Bhawanipatna', 1),
(965, 1, 26, 'BBN', 'Bhuban', 1),
(966, 1, 26, 'BBNR', 'Bhubaneswar', 1),
(967, 1, 26, 'BITR', 'Biramitrapur', 1),
(968, 1, 26, 'BHR', 'Brahmapur', 1),
(969, 1, 26, 'BJJR', 'Brajrajnagar', 1),
(970, 1, 26, 'BSNR', 'Byasanagar', 1),
(971, 1, 26, 'CTCK', 'Cuttack', 1),
(972, 1, 26, 'DBGH', 'Debagarh', 1),
(973, 1, 26, 'DNKL', 'Dhenkanal', 1),
(974, 1, 26, 'GNPR', 'Gunupur', 1),
(975, 1, 26, 'HJLT', 'Hinjilicut', 1),
(976, 1, 26, 'JTNR', 'Jagatsinghapur', 1),
(977, 1, 26, 'JJPR', 'Jajapur', 1),
(978, 1, 26, 'JLSR', 'Jaleswar', 1),
(979, 1, 26, 'JTI', 'Jatani', 1),
(980, 1, 26, 'JYR', 'Jeypur', 1),
(981, 1, 26, 'JSD', 'Jharsuguda', 1),
(982, 1, 26, 'JDA', 'Joda', 1),
(983, 1, 26, 'KTBI', 'Kantabanji', 1),
(984, 1, 26, 'KRJA', 'Karanjia', 1),
(985, 1, 26, 'KDPA', 'Kendrapara', 1),
(986, 1, 26, 'KDJR', 'Kendujhar', 1),
(987, 1, 26, 'KRDA', 'Khordha', 1),
(988, 1, 26, 'KRPT', 'Koraput', 1),
(989, 1, 26, 'MNGI', 'Malkangiri', 1),
(990, 1, 26, 'NRGR', 'Nabarangapur', 1),
(991, 1, 26, 'PRDP', 'Paradip', 1),
(992, 1, 26, 'PLKD', 'Parlakhemundi', 1),
(993, 1, 26, 'PTNI', 'Pattamundai', 1),
(994, 1, 26, 'PLBI', 'Phulabani', 1),
(995, 1, 26, 'PRI', 'Puri', 1),
(996, 1, 26, 'RNR', 'Rairangpur', 1),
(997, 1, 26, 'RNGR', 'Rajagangapur', 1),
(998, 1, 26, 'RRKA', 'Raurkela', 1),
(999, 1, 26, 'RGDA', 'Rayagada', 1),
(1000, 1, 26, 'SBLPR', 'Sambalpur', 1),
(1001, 1, 26, 'SRO', 'Soro', 1),
(1002, 1, 26, 'SBDA', 'Sunabeda', 1),
(1003, 1, 26, 'SDGR', 'Sundargarh', 1),
(1004, 1, 26, 'TLR', 'Talcher', 1),
(1005, 1, 26, 'TTGH', 'Titlagarh', 1),
(1006, 1, 26, 'URKT', 'Umarkote', 1),
(1007, 1, 28, 'KRIKL', 'Karaikal', 1),
(1008, 1, 28, 'MHE', 'Mahe', 1),
(1009, 1, 28, 'PCHRY', 'Pondicherri', 1),
(1010, 1, 28, 'YNM', 'Yanam', 1),
(1011, 1, 27, 'ADGRH', 'Ahmedgarh', 1),
(1012, 1, 27, 'ARITSR', 'Amritsar', 1),
(1013, 1, 27, 'BRNLA', 'Barnala', 1),
(1014, 1, 27, 'BTLA', 'Batala', 1),
(1015, 1, 27, 'BTHA', 'Bathinda', 1),
(1016, 1, 27, 'BGPR', 'Bhagha Purana', 1),
(1017, 1, 27, 'BHLD', 'Budhlada', 1),
(1018, 1, 27, 'CDGH', 'Chandigarh', 1),
(1019, 1, 27, 'DSA', 'Dasua', 1),
(1020, 1, 27, 'DUI', 'Dhuri', 1),
(1021, 1, 27, 'DNGR', 'Dinanagar', 1),
(1022, 1, 27, 'FRDT', 'Faridkot', 1),
(1023, 1, 27, 'FZLKA', 'Fazilka', 1),
(1024, 1, 27, 'FRZR', 'Firozpur', 1),
(1025, 1, 27, 'FRZRCNT', 'Firozpur Cantt.', 1),
(1026, 1, 27, 'GDRBA', 'Giddarbaha', 1),
(1027, 1, 27, 'GDRGH', 'Gobindgarh', 1),
(1028, 1, 27, 'GDSR', 'Gurdaspur', 1),
(1029, 1, 27, 'HIAR', 'Hoshiarpur', 1),
(1030, 1, 27, 'JGRN', 'Jagraon', 1),
(1031, 1, 27, 'JITU', 'Jaitu', 1),
(1032, 1, 27, 'JLBD', 'Jalalabad', 1),
(1033, 1, 27, 'JLNDR', 'Jalandhar', 1),
(1034, 1, 27, 'JLNDRCNT', 'Jalandhar Cantt.', 1),
(1035, 1, 27, 'JDLA', 'Jandiala', 1),
(1036, 1, 27, 'KRTA', 'Kapurthala', 1),
(1037, 1, 27, 'KRON', 'Karoran', 1),
(1038, 1, 27, 'KTRP', 'Kartarpur', 1),
(1039, 1, 27, 'KNA', 'Khanna', 1),
(1040, 1, 27, 'KRR', 'Kharar', 1),
(1041, 1, 27, 'KPR', 'Kot Kapura', 1),
(1042, 1, 27, 'KRL', 'Kurali', 1),
(1043, 1, 27, 'LGL', 'Longowal', 1),
(1044, 1, 27, 'LDNA', 'Ludhiana', 1),
(1045, 1, 27, 'MRKT', 'Malerkotla', 1),
(1046, 1, 27, 'MLT', 'Malout', 1),
(1047, 1, 27, 'MNA', 'Mansa', 1),
(1048, 1, 27, 'MYR', 'Maur', 1),
(1049, 1, 27, 'MGA', 'Moga', 1),
(1050, 1, 27, 'MHLI', 'Mohali', 1),
(1051, 1, 27, 'MRNDA', 'Morinda', 1),
(1052, 1, 27, 'MKRN', 'Mukerian', 1),
(1053, 1, 27, 'MKTSR', 'Muktsar', 1),
(1054, 1, 27, 'NBA', 'Nabha', 1),
(1055, 1, 27, 'NKD', 'Nakodar', 1),
(1056, 1, 27, 'NGL', 'Nangal', 1),
(1057, 1, 27, 'NWSR', 'Nawanshahr', 1),
(1058, 1, 27, 'PTNKT', 'Pathankot', 1),
(1059, 1, 27, 'PTLA', 'Patiala', 1),
(1060, 1, 27, 'PTRN', 'Patran', 1),
(1061, 1, 27, 'PTI', 'Patti', 1),
(1062, 1, 27, 'PGRA', 'Phagwara', 1),
(1063, 1, 27, 'PLR', 'Phillaur', 1),
(1064, 1, 27, 'QDN', 'Qadian', 1),
(1065, 1, 27, 'RKT', 'Raikot', 1),
(1066, 1, 27, 'RJR', 'Rajpura', 1),
(1067, 1, 27, 'RMPRPL', 'Rampura Phul', 1),
(1068, 1, 27, 'RNGR', 'Rupnagar', 1),
(1069, 1, 27, 'SMNA', 'Samana', 1),
(1070, 1, 27, 'SNGR', 'Sangrur', 1),
(1071, 1, 27, 'SFSF', 'Sirhind Fatehgarh Sahib', 1),
(1072, 1, 27, 'SHNPR', 'Sujanpur', 1),
(1073, 1, 27, 'SNM', 'Sunam', 1),
(1074, 1, 27, 'TLA', 'Talwara', 1),
(1075, 1, 27, 'TRTN', 'Tarn Taran', 1),
(1076, 1, 27, 'URTD', 'Urmar Tanda', 1),
(1077, 1, 27, 'ZRA', 'Zira', 1),
(1078, 1, 27, 'ZKR', 'Zirakpur', 1),
(1079, 1, 29, 'BLI', 'Bali', 1),
(1080, 1, 29, 'BSRA', 'Banswara', 1),
(1081, 1, 29, 'AJMR', 'Ajmer', 1),
(1082, 1, 29, 'ALWR', 'Alwar', 1),
(1083, 1, 29, 'BDKL', 'Bandikui', 1),
(1084, 1, 29, 'BRN', 'Baran', 1),
(1085, 1, 29, 'BRR', 'Barmer', 1),
(1086, 1, 29, 'BKR', 'Bikaner', 1),
(1087, 1, 29, 'FTHR', 'Fatehpur', 1),
(1088, 1, 29, 'JPR', 'Jaipur', 1),
(1089, 1, 29, 'JSLR', 'Jaisalmer', 1),
(1090, 1, 29, 'JDPR', 'Jodhpur', 1),
(1091, 1, 29, 'KTA', 'Kota', 1),
(1092, 1, 29, 'LCMGR', 'Lachhmangarh', 1),
(1093, 1, 29, 'LDU', 'Ladnu', 1),
(1094, 1, 29, 'LKRI', 'Lakheri', 1),
(1095, 1, 29, 'LLST', 'Lalsot', 1),
(1096, 1, 29, 'LSL', 'Losal', 1),
(1097, 1, 29, 'MKRA', 'Makrana', 1),
(1098, 1, 29, 'MLPA', 'Malpura', 1),
(1099, 1, 29, 'MDLH', 'Mandalgarh', 1),
(1100, 1, 29, 'MDWA', 'Mandawa', 1),
(1101, 1, 29, 'MGRL', 'Mangrol', 1),
(1102, 1, 29, 'MRCT', 'Merta City', 1),
(1103, 1, 29, 'MNTAB', 'Mount Abu', 1),
(1104, 1, 29, 'NDBI', 'Nadbai', 1),
(1105, 1, 29, 'NGR', 'Nagar', 1),
(1106, 1, 29, 'NGUR', 'Nagaur', 1),
(1107, 1, 29, 'NRGD', 'Nargund', 1),
(1108, 1, 29, 'NSRBD', 'Nasirabad', 1),
(1109, 1, 29, 'NTDA', 'Nathdwara', 1),
(1110, 1, 29, 'NVLD', 'Navalgund', 1),
(1111, 1, 29, 'NLGH', 'Nawalgarh', 1),
(1112, 1, 29, 'NKT', 'Neem-Ka-Thana', 1),
(1113, 1, 29, 'NLGA', 'Nelamangala', 1),
(1114, 1, 29, 'NBHR', 'Nimbahera', 1),
(1115, 1, 29, 'NPI', 'Nipani', 1),
(1116, 1, 29, 'NWI', 'Niwai', 1),
(1117, 1, 29, 'NHR', 'Nohar', 1),
(1118, 1, 29, 'NKA', 'Nokha', 1),
(1119, 1, 29, 'PLI', 'Pali', 1),
(1120, 1, 29, 'PLD', 'Phalodi', 1),
(1121, 1, 29, 'PLRA', 'Phulera', 1),
(1122, 1, 29, 'PLNI', 'Pilani', 1),
(1123, 1, 29, 'PLBNGA', 'Pilibanga', 1),
(1124, 1, 29, 'PDWR', 'Pindwara', 1),
(1125, 1, 29, 'PPRC', 'Pipar City', 1),
(1126, 1, 29, 'PNTJ', 'Prantij', 1),
(1127, 1, 29, 'PTGR', 'Pratapgarh', 1),
(1128, 1, 29, 'RSGNR', 'Raisinghnagar', 1),
(1129, 1, 29, 'RKHR', 'Rajakhera', 1),
(1130, 1, 29, 'RKLDR', 'Rajaldesar', 1),
(1131, 1, 29, 'ALWR', 'Rajgarh (Alwar)', 1),
(1132, 1, 29, 'CUR', 'Rajgarh (Churu)', 1),
(1133, 1, 29, 'RJSMD', 'Rajsamand', 1),
(1134, 1, 29, 'RGNJM', 'Ramganj Mandi', 1),
(1135, 1, 29, 'RMGH', 'Ramngarh', 1),
(1136, 1, 29, 'RTNGR', 'Ratangarh', 1),
(1137, 1, 29, 'RWTB', 'Rawatbhata', 1),
(1138, 1, 29, 'RWTR', 'Rawatsar', 1),
(1139, 1, 29, 'RENQ', 'Reengus', 1),
(1140, 1, 29, 'SDI', 'Sadri', 1),
(1141, 1, 29, 'SLSR', 'Sadulshahar', 1),
(1142, 1, 29, 'SWRA', 'Sagwara', 1),
(1143, 1, 29, 'SMBR', 'Sambhar', 1),
(1144, 1, 29, 'SNCR', 'Sanchore', 1),
(1145, 1, 29, 'SNGA', 'Sangaria', 1),
(1146, 1, 29, 'SRDRH', 'Sardarshahar', 1),
(1147, 1, 29, 'SWMDR', 'Sawai Madhopur', 1),
(1148, 1, 29, 'SHPR', 'Shahpura', 1),
(1149, 1, 29, 'SHPRA', 'Shahpura', 1),
(1150, 1, 29, 'SHGNJ', 'Sheoganj', 1),
(1151, 1, 29, 'SKR', 'Sikar', 1),
(1152, 1, 29, 'SRH', 'Sirohi', 1),
(1153, 1, 29, 'SJT', 'Sojat', 1),
(1154, 1, 29, 'SMDR', 'Sri Madhopur', 1),
(1155, 1, 29, 'SJNR', 'Sujangarh', 1),
(1156, 1, 29, 'SMRR', 'Sumerpur', 1),
(1157, 1, 29, 'SRTR', 'Suratgarh', 1),
(1158, 1, 29, 'TRNGR', 'Taranagar', 1),
(1159, 1, 29, 'TDBM', 'Todabhim', 1),
(1160, 1, 29, 'TDAGH', 'Todaraisingh', 1),
(1161, 1, 29, 'TNK', 'Tonk', 1),
(1162, 1, 29, 'UDPR', 'Udaipur', 1),
(1163, 1, 29, 'UDPWT', 'Udaipurwati', 1),
(1164, 1, 29, 'VJNR', 'Vijainagar', 1),
(1165, 1, 30, 'GNGTK', 'Gangtok', 1),
(1166, 1, 35, 'KLKT', 'KalkaT', 1),
(1167, 1, 31, 'ARKM', 'Arakkonam', 1),
(1168, 1, 31, 'ARCT', 'Arcot', 1),
(1169, 1, 31, 'APKT', 'Aruppukkottai', 1),
(1170, 1, 31, 'BVN', 'Bhavani', 1),
(1171, 1, 31, 'CGLPT', 'Chengalpattu', 1),
(1172, 1, 31, 'CNI', 'Chennai', 1),
(1173, 1, 31, 'CNSM', 'Chinna salem', 1),
(1174, 1, 31, 'CMB', 'Coimb', 1),
(1175, 1, 31, 'CNOR', 'Coonoor', 1),
(1176, 1, 31, 'CDLR', 'Cuddalore', 1),
(1177, 1, 31, 'DRMR', 'Dharmapuri', 1),
(1178, 1, 31, 'DDGL', 'Dindigul', 1),
(1179, 1, 31, 'ERD', 'Erode', 1),
(1180, 1, 31, 'GD', 'Guda', 1),
(1181, 1, 31, 'GDLR', 'Gudalur', 1),
(1182, 1, 31, 'GDL', 'Gudal', 1),
(1183, 1, 31, 'KCPM', 'Kanchipuram', 1),
(1184, 1, 31, 'KIKD', 'Karaikudi', 1),
(1185, 1, 31, 'KRNL', 'Karungal', 1),
(1186, 1, 31, 'KRR', 'Karur', 1),
(1187, 1, 31, 'KLND', 'Kollankodu', 1),
(1188, 1, 31, 'LGD', 'Lalgudi', 1),
(1189, 1, 31, 'MDR', 'Madurai', 1),
(1190, 1, 31, 'NPTM', 'Nagapattinam', 1),
(1191, 1, 31, 'NRCL', 'Nagercoil', 1),
(1192, 1, 31, 'NRPT', 'Namagiripettai', 1),
(1193, 1, 31, 'NMKL', 'Namakkal', 1),
(1194, 1, 31, 'NDVRM', 'Nandivaram-Guduvancheri', 1),
(1195, 1, 31, 'NJKT', 'Nanjikottai', 1),
(1196, 1, 31, 'NTM', 'Natham', 1),
(1197, 1, 31, 'NKPM', 'Nellikuppam', 1),
(1198, 1, 31, 'NYLI', 'Neyveli', 1),
(1199, 1, 31, 'OVLY', 'OValley', 1),
(1200, 1, 31, 'ODNCTM', 'Oddanchatram', 1),
(1201, 1, 31, 'PTI', 'Patti', 1),
(1202, 1, 31, 'PCD', 'Pacode', 1),
(1203, 1, 31, 'PDBP', 'Padmanabhapuram', 1),
(1204, 1, 31, 'PLI', 'Palani', 1),
(1205, 1, 31, 'PLM', 'Palladam', 1),
(1206, 1, 31, 'PLPTI', 'Pallapatti', 1),
(1207, 1, 31, 'PIKD', 'Pallikonda', 1),
(1208, 1, 31, 'PNGD', 'Panagudi', 1),
(1209, 1, 31, 'PNRT', 'Panruti', 1),
(1210, 1, 31, 'PRMD', 'Paramakudi', 1),
(1211, 1, 31, 'PRGP', 'Parangipettai', 1),
(1212, 1, 31, 'PTKT', 'Pattukkottai', 1),
(1213, 1, 31, 'PRMBLR', 'Perambalur', 1),
(1214, 1, 31, 'PVRI', 'Peravurani', 1),
(1215, 1, 31, 'PYKM', 'Periyakulam', 1),
(1216, 1, 31, 'PYSR', 'Periyasemur', 1),
(1217, 1, 31, 'PPTU', 'Pernampattu', 1),
(1218, 1, 31, 'PLCI', 'Pollachi', 1),
(1219, 1, 31, 'PLR', 'Polur', 1),
(1220, 1, 31, 'PNR', 'Ponneri', 1),
(1221, 1, 31, 'PKTI', 'Pudukkottai', 1),
(1222, 1, 31, 'PPTM', 'Pudupattinam', 1),
(1223, 1, 31, 'PYKD', 'Puliyankudi', 1),
(1224, 1, 31, 'PJPR', 'Punjaipugalur', 1),
(1225, 1, 31, 'RJLM', 'Rajapalayam', 1),
(1226, 1, 31, 'RTPM', 'Ramanathapuram', 1),
(1227, 1, 31, 'RHWM', 'Rameshwaram', 1),
(1228, 1, 31, 'RPRM', 'Rasipuram', 1),
(1229, 1, 31, 'SLM', 'Salem', 1),
(1230, 1, 31, 'SKRL', 'Sankarankoil', 1),
(1231, 1, 31, 'SKR', 'Sankari', 1),
(1232, 1, 31, 'SYML', 'Sathyamangalam', 1),
(1233, 1, 31, 'STR', 'Sattur', 1),
(1234, 1, 31, 'SKTI', 'Shenkottai', 1),
(1235, 1, 31, 'SLVD', 'Sholavandan', 1),
(1236, 1, 31, 'SLNR', 'Sholingur', 1),
(1237, 1, 31, 'SRKL', 'Sirkali', 1),
(1238, 1, 31, 'SVGA', 'Sivaganga', 1),
(1239, 1, 31, 'SVGI', 'Sivagiri', 1),
(1240, 1, 31, 'SAKI', 'Sivakasi', 1),
(1241, 1, 31, 'SLPR', 'Srivilliputhur', 1),
(1242, 1, 31, 'SRDI', 'Surandai', 1),
(1243, 1, 31, 'SYPLM', 'Suriyampalayam', 1),
(1244, 1, 31, 'TKI', 'Tenkasi', 1),
(1245, 1, 31, 'TMPYI', 'Thammampatti', 1),
(1246, 1, 31, 'TNJR', 'Thanjavur', 1),
(1247, 1, 31, 'TMGM', 'Tharamangalam', 1),
(1248, 1, 31, 'TRGD', 'Tharangambadi', 1),
(1249, 1, 31, 'TANGRM', 'Theni Allinagaram', 1),
(1250, 1, 31, 'TMGM', 'Thirumangalam', 1),
(1251, 1, 31, 'TNDVR', 'Thirunindravur', 1),
(1252, 1, 31, 'TRPU', 'Thiruparappu', 1),
(1253, 1, 31, 'TRPM', 'Thirupuvanam', 1),
(1254, 1, 31, 'TTHP', 'Thiruthuraipoondi', 1),
(1255, 1, 31, 'TVLR', 'Thiruvallur', 1),
(1256, 1, 31, 'TVRR', 'Thiruvarur', 1),
(1257, 1, 31, 'TTKD', 'Thoothukudi', 1),
(1258, 1, 31, 'TRYR', 'Thuraiyur', 1),
(1259, 1, 31, 'TDVM', 'Tindivanam', 1),
(1260, 1, 31, 'TCHD', 'Tiruchendur', 1),
(1261, 1, 31, 'TCHDE', 'Tiruchengode', 1),
(1262, 1, 31, 'TRCP', 'Tiruchirappalli', 1),
(1263, 1, 31, 'TRKLKM', 'Tirukalukundram', 1),
(1264, 1, 31, 'TRKYR', 'Tirukkoyilur', 1),
(1265, 1, 31, 'TNLI', 'Tirunelveli', 1),
(1266, 1, 31, 'TRPT', 'Tirupathur', 1),
(1267, 1, 31, 'TRPT', 'Tirupathur', 1),
(1268, 1, 31, 'TRPR', 'Tiruppur', 1),
(1269, 1, 31, 'TUTI', 'Tiruttani', 1),
(1270, 1, 31, 'TVNL', 'Tiruvannamalai', 1),
(1271, 1, 31, 'TVTH', 'Tiruvethipuram', 1),
(1272, 1, 31, 'TTKD', 'Tittakudi', 1),
(1273, 1, 31, 'UDMD', 'Udhagamandalam', 1),
(1274, 1, 31, 'ULPI', 'Udumalaipettai', 1),
(1275, 1, 31, 'UMKI', 'Unnamalaikadai', 1),
(1276, 1, 31, 'USPT', 'Usilampatti', 1),
(1277, 1, 31, 'UTPM', 'Uthamapalayam', 1),
(1278, 1, 31, 'UTRR', 'Uthiramerur', 1),
(1279, 1, 31, 'VKVR', 'Vadakkuvalliyur', 1),
(1280, 1, 31, 'VDR', 'Vadalur', 1),
(1281, 1, 31, 'VDPI', 'Vadipatti', 1),
(1282, 1, 31, 'VLPR', 'Valparai', 1),
(1283, 1, 31, 'VDVI', 'Vandavasi', 1),
(1284, 1, 31, 'VYBI', 'Vaniyambadi', 1),
(1285, 1, 31, 'VDRM', 'Vedaranyam', 1),
(1286, 1, 31, 'VLKL', 'Vellakoil', 1),
(1287, 1, 31, 'VLR', 'Vellore', 1),
(1288, 1, 31, 'VKSP', 'Vikramasingapuram', 1),
(1289, 1, 31, 'VLPM', 'Viluppuram', 1),
(1290, 1, 31, 'VDLM', 'Virudhachalam', 1),
(1291, 1, 31, 'VHGR', 'Virudhunagar', 1),
(1292, 1, 31, 'VNTM', 'Viswanatham', 1),
(1293, 1, 32, 'AGRTLA', 'Agartala', 1),
(1294, 1, 32, 'BDRGT', 'Badharghat', 1),
(1295, 1, 32, 'DRMGR', 'Dharmanagar', 1),
(1296, 1, 32, 'IDNGR', 'Indranagar', 1),
(1297, 1, 32, 'JDRNR', 'Jogendranagar', 1),
(1298, 1, 32, 'KLSR', 'Kailasahar', 1),
(1299, 1, 32, 'KWI', 'Khowai', 1),
(1300, 1, 32, 'PTPH', 'Pratapgarh', 1),
(1301, 1, 32, 'UDPR', 'Udaipur', 1),
(1302, 1, 34, 'ACHNR', 'Achhnera', 1),
(1303, 1, 34, 'ADR', 'Adari', 1),
(1304, 1, 34, 'AGR', 'Agra', 1),
(1305, 1, 34, 'ALGH', 'Aligarh', 1),
(1306, 1, 34, 'ALHBD', 'Allahabad', 1),
(1307, 1, 34, 'ARHA', 'Amroha', 1),
(1308, 1, 34, 'AZMGR', 'Azamgarh', 1),
(1309, 1, 34, 'BRIH', 'Bahraich', 1),
(1310, 1, 34, 'BLA', 'Ballia', 1),
(1311, 1, 34, 'BLRMP', 'Balrampur', 1),
(1312, 1, 34, 'BDA', 'Banda', 1),
(1313, 1, 34, 'BRIY', 'Bareilly', 1),
(1314, 1, 34, 'CNDI', 'Chandausi', 1),
(1315, 1, 34, 'DDRI', 'Dadri', 1),
(1316, 1, 34, 'DRA', 'Deoria', 1),
(1317, 1, 34, 'EHTWH', 'Etawah', 1),
(1318, 1, 34, 'FTHD', 'Fatehabad', 1),
(1319, 1, 34, 'FTHR', 'Fatehpur', 1),
(1320, 1, 34, 'FTOR', 'Fatehpor', 1),
(1321, 1, 34, 'GNDA', 'Greater Noida', 1),
(1322, 1, 34, 'HMPR', 'Hamirpur', 1),
(1323, 1, 34, 'HRDI', 'Hardoi', 1),
(1324, 1, 34, 'JJU', 'Jajmau', 1),
(1325, 1, 34, 'JUNR', 'Jaunpur', 1),
(1326, 1, 34, 'JNI', 'Jhansi', 1),
(1327, 1, 34, 'KLP', 'Kalpi', 1),
(1328, 1, 34, 'KNR', 'Kanpur', 1),
(1329, 1, 34, 'KTA', 'Kota', 1),
(1330, 1, 34, 'LHRP', 'Laharpur', 1),
(1331, 1, 34, 'LKMPR', 'Lakhimpur', 1),
(1332, 1, 34, 'GPLNJ', 'Gopalganj', 1),
(1333, 1, 34, 'LGNJ', 'Lalganj', 1),
(1334, 1, 34, 'LTPR', 'Lalitpur', 1),
(1335, 1, 34, 'LR', 'Lar', 1),
(1336, 1, 34, 'LNI', 'Loni', 1),
(1337, 1, 34, 'LCKW', 'Lucknow', 1),
(1338, 1, 34, 'MTR', 'Mathura', 1),
(1339, 1, 34, 'MRT', 'Meerut', 1),
(1340, 1, 34, 'MDNGR', 'Modinagar', 1),
(1341, 1, 34, 'MRDR', 'Muradnagar', 1),
(1342, 1, 34, 'NIA', 'Nagina', 1),
(1343, 1, 34, 'NBD', 'Najibabad', 1),
(1344, 1, 34, 'NKR', 'Nakur', 1),
(1345, 1, 34, 'NPRA', 'Nanpara', 1),
(1346, 1, 34, 'NRUA', 'Naraura', 1),
(1347, 1, 34, 'NGWN', 'Naugawan', 1),
(1348, 1, 34, 'NTWA', 'Nautanwa', 1),
(1349, 1, 34, 'NWBJ', 'Nawabganj', 1),
(1350, 1, 34, 'NHTR', 'Nehtaur', 1),
(1351, 1, 34, 'NDA', 'NOIDA', 1),
(1352, 1, 34, 'NRPR', 'Noorpur', 1),
(1353, 1, 34, 'OBA', 'Obra', 1),
(1354, 1, 34, 'ORI', 'Orai', 1),
(1355, 1, 34, 'PDR', 'Padrauna', 1),
(1356, 1, 34, 'PLK', 'Palia Kalan', 1),
(1357, 1, 34, 'PRI', 'Parasi', 1),
(1358, 1, 34, 'PLR', 'Phulpur', 1),
(1359, 1, 34, 'PHI', 'Pihani', 1),
(1360, 1, 34, 'PBT', 'Pilibhit', 1),
(1361, 1, 34, 'PKHA', 'Pilkhuwa', 1),
(1362, 1, 34, 'PWYN', 'Powayan', 1),
(1363, 1, 34, 'PKRN', 'Pukhrayan', 1),
(1364, 1, 34, 'PRNR', 'Puranpur', 1),
(1365, 1, 34, 'PRQZ', 'Purquazi', 1),
(1366, 1, 34, 'PRA', 'Purwa', 1),
(1367, 1, 34, 'RBLI', 'Rae Bareli', 1),
(1368, 1, 34, 'RMPR', 'Rampur', 1),
(1369, 1, 34, 'RMHN', 'Rampur Maniharan', 1),
(1370, 1, 34, 'RSA', 'Rasra', 1),
(1371, 1, 34, 'RTH', 'Rath', 1),
(1372, 1, 34, 'RUKT', 'Renukoot', 1),
(1373, 1, 34, 'ROT', 'Reoti', 1),
(1374, 1, 34, 'RBTJ', 'Robertsganj', 1),
(1375, 1, 34, 'RDLI', 'Rudauli', 1),
(1376, 1, 34, 'RDPR', 'Rudrapur', 1),
(1377, 1, 34, 'SDBD', 'Sadabad', 1),
(1378, 1, 34, 'SFIR', 'Safipur', 1),
(1379, 1, 34, 'SHRN', 'Saharanpur', 1),
(1380, 1, 34, 'SHSPR', 'Sahaspur', 1),
(1381, 1, 34, 'SSWN', 'Sahaswan', 1),
(1382, 1, 34, 'SWR', 'Sahawar', 1),
(1383, 1, 34, 'SHJA', 'Sahjanwa', 1),
(1384, 1, 34, 'SDPR', 'Saidpur', 1),
(1385, 1, 34, 'SMBL', 'Sambhal', 1),
(1386, 1, 34, 'SMDN', 'Samdhan', 1),
(1387, 1, 34, 'SMTR', 'Samthar', 1),
(1388, 1, 34, 'SND', 'Sandi', 1),
(1389, 1, 34, 'SDA', 'Sandila', 1),
(1390, 1, 34, 'SRDA', 'Sardhana', 1),
(1391, 1, 34, 'SHR', 'Seohara', 1),
(1392, 1, 34, 'SHBD', 'Shahabad', 1),
(1393, 1, 34, 'SHDB', 'Shahabad', 1),
(1394, 1, 34, 'SHGJ', 'Shahganj', 1),
(1395, 1, 34, 'SJNPR', 'Shahjahanpur', 1),
(1396, 1, 34, 'SMLI', 'Shamli', 1),
(1397, 1, 34, 'SMDB', 'Shamsabad', 1),
(1398, 1, 34, 'SMSBD', 'Shamsabad', 1),
(1399, 1, 34, 'SRKT', 'Sherkot', 1),
(1400, 1, 34, 'SKPR', 'Shikarpur', 1),
(1401, 1, 34, 'SKHD', 'Shikohabad', 1),
(1402, 1, 34, 'SHGRH', 'Shishgarh', 1),
(1403, 1, 34, 'SNA', 'Siana', 1),
(1404, 1, 34, 'SKDPR', 'Sikanderpur', 1),
(1405, 1, 34, 'SKDR', 'Sikandra Rao', 1),
(1406, 1, 34, 'SKDB', 'Sikandrabad', 1),
(1407, 1, 34, 'SRSJ', 'Sirsaganj', 1),
(1408, 1, 34, 'SRI', 'Sirsi', 1),
(1409, 1, 34, 'STPR', 'Sitapur', 1),
(1410, 1, 34, 'SRN', 'Soron', 1),
(1411, 1, 34, 'SAR', 'Suar', 1),
(1412, 1, 34, 'SLTNR', 'Sultanpur', 1),
(1413, 1, 34, 'SMRR', 'Sumerpur', 1),
(1414, 1, 34, 'TND', 'Tanda', 1),
(1415, 1, 34, 'TND', 'Tanda', 1),
(1416, 1, 34, 'TBZ', 'Tetri Bazar', 1),
(1417, 1, 34, 'TKDR', 'Thakurdwara', 1),
(1418, 1, 34, 'TNBWN', 'Thana Bhawan', 1),
(1419, 1, 34, 'TLR', 'Tilhar', 1),
(1420, 1, 34, 'TRWJ', 'Tirwaganj', 1),
(1421, 1, 34, 'TLSR', 'Tulsipur', 1),
(1422, 1, 34, 'TDLA', 'Tundla', 1),
(1423, 1, 34, 'UNO', 'Unnao', 1),
(1424, 1, 34, 'URLA', 'Utraula', 1),
(1425, 1, 34, 'VRNI', 'Varanasi', 1),
(1426, 1, 34, 'VNDN', 'Vrindavan', 1),
(1427, 1, 34, 'WHPR', 'Warhapur', 1),
(1428, 1, 34, 'ZDR', 'Zaidpur', 1),
(1429, 1, 34, 'ZMNA', 'Zamania', 1),
(1430, 1, 33, 'ALMR', 'Almora', 1),
(1431, 1, 33, 'BZR', 'Bazpur', 1),
(1432, 1, 33, 'CMB', 'Chamba', 1),
(1433, 1, 33, 'DRDN', 'Dehradun', 1),
(1434, 1, 33, 'HLDI', 'Haldwani', 1),
(1435, 1, 33, 'HRDR', 'Haridwar', 1),
(1436, 1, 33, 'JSR', 'Jaspur', 1),
(1437, 1, 33, 'KSHPR', 'Kashipur', 1),
(1438, 1, 33, 'KCHA', 'kichha', 1),
(1439, 1, 33, 'KTDA', 'Kotdwara', 1),
(1440, 1, 33, 'MGLR', 'Manglaur', 1),
(1441, 1, 33, 'MSOE', 'Mussoorie', 1),
(1442, 1, 33, 'NGA', 'Nagla', 1),
(1443, 1, 33, 'NITL', 'Nainital', 1),
(1444, 1, 33, 'PRI', 'Pauri', 1),
(1445, 1, 33, 'PTRG', 'Pithoragarh', 1),
(1446, 1, 33, 'RMNGR', 'Ramnagar', 1),
(1447, 1, 33, 'RIKSH', 'Rishikesh', 1),
(1448, 1, 33, 'RRKE', 'Roorkee', 1),
(1449, 1, 33, 'RDPR', 'Rudrapur', 1),
(1450, 1, 33, 'STRJ', 'Sitarganj', 1),
(1451, 1, 33, 'THRI', 'Tehri', 1),
(1452, 1, 34, 'MZFNR', 'Muzaffarnagar', 1),
(1453, 1, 33, 'ADR', 'Adra', 1),
(1454, 1, 35, 'ALPDR', 'Alipurduar', 1),
(1455, 1, 35, 'ARMBG', 'Arambagh', 1),
(1456, 1, 35, 'ASNL', 'Asansol', 1),
(1457, 1, 35, 'BHRMPR', 'Baharampur', 1),
(1458, 1, 35, 'BLY', 'Bally', 1),
(1459, 1, 35, 'BLRGT', 'Balurghat', 1),
(1460, 1, 35, 'BNKR', 'Bankura', 1),
(1461, 1, 35, 'BRKR', 'Barakar', 1),
(1462, 1, 35, 'BRST', 'Barasat', 1),
(1463, 1, 35, 'BRDM', 'Bardhaman', 1),
(1464, 1, 35, 'BDNR', 'Bidhan Nagar', 1),
(1465, 1, 35, 'CNSR', 'Chinsura', 1),
(1466, 1, 35, 'CTI', 'Contai', 1),
(1467, 1, 35, 'CCBR', 'Cooch Behar', 1),
(1468, 1, 35, 'DRJLNG', 'Darjeeling', 1),
(1469, 1, 35, 'DRGPR', 'Durgapur', 1);
INSERT INTO `cities` (`id`, `country_id`, `state_id`, `citycode`, `cityname`, `developed`) VALUES
(1470, 1, 35, 'HLDA', 'Haldia', 1),
(1471, 1, 35, 'HWRH', 'Howrah', 1),
(1472, 1, 35, 'ISLMPR', 'Islampur', 1),
(1473, 1, 35, 'JHRM', 'Jhargram', 1),
(1474, 1, 35, 'KRGR', 'Kharagpur', 1),
(1475, 1, 35, 'KLKT', 'Kolkata', 1),
(1476, 1, 35, 'MNGRI', 'Mainaguri', 1),
(1477, 1, 35, 'ML', 'Mal', 1),
(1478, 1, 35, 'MTBNG', 'Mathabhanga', 1),
(1479, 1, 35, 'MDNPR', 'Medinipur', 1),
(1480, 1, 35, 'MMR', 'Memari', 1),
(1481, 1, 35, 'MHRPR', 'Monoharpur', 1),
(1482, 1, 35, 'MSDB', 'Murshidabad', 1),
(1483, 1, 35, 'NBDP', 'Nabadwip', 1),
(1484, 1, 35, 'NHT', 'Naihati', 1),
(1485, 1, 35, 'PCLA', 'Panchla', 1),
(1486, 1, 35, 'PNDA', 'Pandua', 1),
(1487, 1, 35, 'PSM', 'Paschim Punropara', 1),
(1488, 1, 35, 'PRLA', 'Purulia', 1),
(1489, 1, 35, 'RHTR', 'Raghunathpur', 1),
(1490, 1, 35, 'RGJ', 'Raiganj', 1),
(1491, 1, 35, 'RMPT', 'Rampurhat', 1),
(1492, 1, 35, 'RNGT', 'Ranaghat', 1),
(1493, 1, 35, 'SNTA', 'Sainthia', 1),
(1494, 1, 35, 'SNTR', 'Santipur', 1),
(1495, 1, 35, 'SLGR', 'Siliguri', 1),
(1496, 1, 35, 'SMKI', 'Sonamukhi', 1),
(1497, 1, 35, 'SRMR', 'Srirampore', 1),
(1498, 1, 35, 'SRI', 'Suri', 1),
(1499, 1, 35, 'TKI', 'Taki', 1),
(1500, 1, 35, 'TMLK', 'Tamluk', 1),
(1501, 1, 35, 'TKSR', 'Tarakeswar', 1),
(1502, 1, 18, 'CMGR', 'Chikmagalur', 1),
(1503, 1, 18, 'DNGR', 'Davanagere', 1),
(1504, 1, 18, 'DRWD', 'Dharwad', 1),
(1505, 1, 18, 'GDG', 'Gadag', 1),
(1506, 1, 31, 'CHNI', 'Chennai', 1),
(1507, 1, 31, 'CMBTR', 'Coimbatore', 1),
(1509, 1, 29, 'BH', 'BHILWARA', 1);

-- --------------------------------------------------------

--
-- Table structure for table `countries`
--

CREATE TABLE IF NOT EXISTS `countries` (
  `id` int(10) unsigned NOT NULL,
  `countrycode` varchar(100) COLLATE utf8_unicode_ci NOT NULL,
  `countryname` varchar(50) COLLATE utf8_unicode_ci NOT NULL,
  `countrydescription` varchar(200) COLLATE utf8_unicode_ci NOT NULL
) ENGINE=InnoDB DEFAULT CHARSET=utf8 COLLATE=utf8_unicode_ci;

--
-- Dumping data for table `countries`
--

INSERT INTO `countries` (`id`, `countrycode`, `countryname`, `countrydescription`) VALUES
(1, 'IND', 'India', 'india');

-- --------------------------------------------------------

--
-- Table structure for table `order_details`
--

CREATE TABLE IF NOT EXISTS `order_details` (
  `id` int(11) NOT NULL,
  `product_id` int(11) NOT NULL,
  `owner_id` int(11) NOT NULL,
  `buyer_id` int(11) NOT NULL,
  `order_date` date NOT NULL,
  `to_date` date NOT NULL,
  `from_date` date NOT NULL,
  `amount` decimal(10,2) NOT NULL
) ENGINE=InnoDB AUTO_INCREMENT=10 DEFAULT CHARSET=latin1;

--
-- Dumping data for table `order_details`
--

INSERT INTO `order_details` (`id`, `product_id`, `owner_id`, `buyer_id`, `order_date`, `to_date`, `from_date`, `amount`) VALUES
(3, 3, 0, 3, '0000-00-00', '0000-00-00', '2016-10-04', '10800.00'),
(4, 2, 0, 2, '0000-00-00', '0000-00-00', '0000-00-00', '10800.00'),
(5, 4, 4, 2, '2016-10-22', '2016-10-24', '2016-10-26', '10800.00'),
(6, 2, 0, 3, '0000-00-00', '0000-00-00', '0000-00-00', '44.00'),
(7, 4, 0, 3, '1970-01-01', '1970-01-01', '1970-01-01', '3333333.00'),
(8, 4, 0, 3, '2016-10-22', '2016-10-22', '2016-10-26', '3333333.00'),
(9, 4, 4, 2, '2016-10-22', '2016-10-24', '2016-10-26', '10800.00');

-- --------------------------------------------------------

--
-- Table structure for table `product`
--

CREATE TABLE IF NOT EXISTS `product` (
  `id` int(11) NOT NULL,
  `name` varchar(100) NOT NULL,
  `description` varchar(1000) NOT NULL,
  `category` int(11) NOT NULL,
  `sub_category` int(11) NOT NULL,
  `rate_per_day` decimal(10,0) NOT NULL,
  `owner_id` int(11) NOT NULL,
  `product_address_id` int(11) NOT NULL,
  `posted_date` timestamp NOT NULL DEFAULT CURRENT_TIMESTAMP,
  `from_date` timestamp NOT NULL DEFAULT '0000-00-00 00:00:00',
  `to_date` timestamp NOT NULL DEFAULT '0000-00-00 00:00:00',
  `ad_type` int(11) NOT NULL,
  `terms_condition` text NOT NULL,
  `deposit` decimal(10,2) NOT NULL,
  `product_type` int(11) NOT NULL
) ENGINE=InnoDB AUTO_INCREMENT=12 DEFAULT CHARSET=latin1;

--
-- Dumping data for table `product`
--

INSERT INTO `product` (`id`, `name`, `description`, `category`, `sub_category`, `rate_per_day`, `owner_id`, `product_address_id`, `posted_date`, `from_date`, `to_date`, `ad_type`, `terms_condition`, `deposit`, `product_type`) VALUES
(1, 'Godrej Cupboard', 'Godrej Cupboard', 3, 19, '2000', 50, 1, '2016-12-04 11:30:22', '2016-12-30 18:30:00', '2017-02-01 18:30:00', 0, 'No terms and conditions.', '12500.00', 1),
(2, 'Godrej Cupboard', 'Godrej Cupboard', 3, 19, '2000', 50, 2, '2016-12-04 11:32:36', '2016-12-30 18:30:00', '2017-02-01 18:30:00', 0, 'No terms and conditions.', '12500.00', 1),
(3, 'kjbjhv', 'jhvhj', 1, 1, '21', 50, 3, '2016-12-04 11:35:00', '2015-11-29 18:30:00', '2016-11-29 18:30:00', 0, 'hjvhj', '1535.00', 1),
(4, 'Cloths for Kids', 'Good Cloths for Kids under the age of 6. Apparty wear dress.', 2, 12, '2000', 50, 4, '2016-12-04 15:45:15', '2016-12-17 18:30:00', '2016-12-15 18:30:00', 0, 'No Terms and Conditions', '5000.00', 1),
(5, 'Atlas Bicycle', 'A Atlas Bicycle with luxirious comfort. A sofa with two chairs and a table, no additional prices for the extensions.', 5, 34, '5000', 50, 5, '2016-12-04 15:49:08', '2016-12-30 18:30:00', '2016-12-24 18:30:00', 0, 'No terms and conditions', '50000.00', 1),
(6, 'Cupboard', 'A Cupboard with lots of space comfort.', 3, 18, '1000', 50, 6, '2016-12-04 15:51:31', '2015-11-29 18:30:00', '2014-11-28 18:30:00', 0, 'No terms and conditions', '25000.00', 1);

-- --------------------------------------------------------

--
-- Table structure for table `product_images`
--

CREATE TABLE IF NOT EXISTS `product_images` (
  `id` int(11) NOT NULL,
  `image_name` varchar(255) NOT NULL,
  `product_id` int(11) NOT NULL
) ENGINE=InnoDB AUTO_INCREMENT=8 DEFAULT CHARSET=latin1;

--
-- Dumping data for table `product_images`
--

INSERT INTO `product_images` (`id`, `image_name`, `product_id`) VALUES
(1, 'user/50/product/3/5843ff647d552.png', 3),
(2, 'user/50/product/4/5849c061f28f1.png', 4),
(3, 'user/50/product/4/5849c06207e23.png', 4),
(4, 'user/50/product/5/5849bf4a1f070.png', 5),
(5, 'user/50/product/5/5849becde6193.png', 5),
(6, 'user/50/product/6/58443b83ab246.jpeg', 6),
(7, 'user/50/product/6/58443b83c2b23.jpeg', 6);

-- --------------------------------------------------------

--
-- Table structure for table `states`
--

CREATE TABLE IF NOT EXISTS `states` (
  `id` int(10) NOT NULL,
  `country_id` int(10) DEFAULT NULL,
  `statecode` varchar(100) DEFAULT NULL,
  `statename` varchar(200) NOT NULL
) ENGINE=InnoDB DEFAULT CHARSET=latin1;

--
-- Dumping data for table `states`
--

INSERT INTO `states` (`id`, `country_id`, `statecode`, `statename`) VALUES
(1, 1, 'AN', 'ANDAMAN AND NICOBAR ISLANDS'),
(2, 1, 'AP', 'ANDHRA PRADESH'),
(3, 1, 'AR', 'ARUNACHAL PRADESH'),
(4, 1, 'AS', 'ASSAM'),
(5, 1, 'BR', 'BIHAR'),
(6, 1, 'CH', 'CHATTISGARH'),
(7, 1, 'CG', 'CHANDIGARH'),
(8, 1, 'DD', 'DAMAN AND DIU'),
(9, 1, 'DL', 'DELHI'),
(10, 1, 'DN', 'DADRA AND NAGAR HAVELI'),
(11, 1, 'GA', 'GOA'),
(12, 1, 'GJ', 'GUJARAT'),
(13, 1, 'HP', 'HIMACHAL PRADESH'),
(14, 1, 'HR', 'HARYANA'),
(15, 1, 'J&K', 'JAMMU AND KASHMIR'),
(16, 1, 'JH', 'JHARKHAND'),
(17, 1, 'KR', 'KERALA'),
(18, 1, 'KA', 'KARNATAKA'),
(19, 1, 'LS', 'LAKSHADWEEP'),
(20, 1, 'MG', 'MEGHALAYA'),
(21, 1, 'MH', 'MAHARASHTRA'),
(22, 1, 'MN', 'MANIPUR'),
(23, 1, 'MP', 'MADHYA PRADESH'),
(24, 1, 'MZ', 'MIZORAM'),
(25, 1, 'NL', 'NAGALAND'),
(26, 1, 'OR', 'ORISSA'),
(27, 1, 'PB', 'PUNJAB'),
(28, 1, 'PD', 'PONDICHERRY'),
(29, 1, 'RJ', 'RAJASTHAN'),
(30, 1, 'SK', 'SIKKIM'),
(31, 1, 'TN', 'TAMIL NADU'),
(32, 1, 'TP', 'TRIPURA'),
(33, 1, 'UK', 'UTTARAKHAND'),
(34, 1, 'UP', 'UTTAR PRADESH'),
(35, 1, 'WB', 'WEST BENGAL'),
(36, 1, 'TL', 'TELANGANA');

-- --------------------------------------------------------

--
-- Table structure for table `sub_categories`
--

CREATE TABLE IF NOT EXISTS `sub_categories` (
  `id` int(11) NOT NULL,
  `name` varchar(100) NOT NULL,
  `category_id` int(11) NOT NULL
) ENGINE=InnoDB AUTO_INCREMENT=49 DEFAULT CHARSET=latin1;

--
-- Dumping data for table `sub_categories`
--

INSERT INTO `sub_categories` (`id`, `name`, `category_id`) VALUES
(1, 'Television', 1),
(2, 'Mobile', 1),
(3, 'Laptop', 1),
(4, 'Tablets', 1),
(5, 'Personal Computer', 1),
(6, 'Refrigerator', 1),
(7, 'Air Conditioner', 1),
(8, 'Kitchen Appliances', 1),
(9, 'Others', 1),
(10, 'Men', 2),
(11, 'Women', 2),
(12, 'Kids', 2),
(13, 'Festival Special', 2),
(14, 'Event Special', 2),
(15, 'Traditional', 2),
(16, 'Others', 2),
(17, 'Bed', 3),
(18, 'Sofa', 3),
(19, 'Cupboard', 3),
(20, 'Table', 3),
(21, 'Chair', 3),
(22, 'Carpet', 3),
(23, 'Others', 3),
(24, 'Plots', 4),
(25, 'Shop', 4),
(26, 'Banquet Hall', 4),
(27, 'Wedding Lawns', 4),
(28, 'Hotel', 4),
(29, 'Conference Hall', 4),
(30, 'Lodges', 4),
(31, 'Motel', 4),
(32, 'Sports Ground', 4),
(33, 'Others', 4),
(34, 'Two Wheeler', 5),
(35, 'Two Wheeler Accessories', 5),
(36, 'Four Wheeler', 5),
(37, 'Four Wheeler Accessories', 5),
(38, 'Others', 5),
(39, 'Cricket', 6),
(40, 'Football', 6),
(41, 'Badminton', 6),
(42, 'Table Tennis', 6),
(43, 'Tennis', 6),
(44, 'Volleyball', 6),
(45, 'Golf', 6),
(46, 'Snooker', 6),
(47, 'Baseball', 6),
(48, 'Others', 6);

-- --------------------------------------------------------

--
-- Table structure for table `user`
--

CREATE TABLE IF NOT EXISTS `user` (
  `id` int(11) NOT NULL,
  `name` varchar(100) NOT NULL,
  `email` varchar(100) NOT NULL,
  `contact` bigint(12) NOT NULL,
  `password` varchar(100) NOT NULL,
  `address_id` int(11) NOT NULL,
  `otp` int(11) NOT NULL,
  `verified` int(11) NOT NULL,
  `active` int(11) NOT NULL,
  `created_at` timestamp NOT NULL DEFAULT CURRENT_TIMESTAMP
) ENGINE=InnoDB AUTO_INCREMENT=77 DEFAULT CHARSET=latin1;

--
-- Dumping data for table `user`
--

INSERT INTO `user` (`id`, `name`, `email`, `contact`, `password`, `address_id`, `otp`, `verified`, `active`, `created_at`) VALUES
(19, 'Mahesh Warule', 'mwarule@gmail.com', 8888888888, '$2y$11$pZP2D4vtRwqKjsV.AxpiROWdtE99vwKKzPx4vO5S6QgYBBUU/huaa', 0, 583710, 1, 1, '2016-11-06 13:36:53'),
(20, 'Nitin', 'nitin@gmail.cimn', 9898989898, '$2y$11$3s9/D1ilaehrRtmigP.mDuV.rzgreTqGEJWehr02.IV8uNvK0raae', 0, 314214, 0, 0, '2016-11-06 13:40:20'),
(21, 'Pradeep Pandey', 'p@gmail.com', 9854857845, '$2y$11$UqHcYypLALSR2TqSaVdmoeHtYV5tJAyL0ZZ9heQl.Jov1ugFqb0tC', 0, 786116, 0, 1, '2016-11-06 13:41:30'),
(22, 'Roshan Aher', 'roshan@gmail.com', 9854856525, '$2y$11$atsygMRQDwBPmgmtSRIR0.woIzTx2v63GaE16LvrzM2WE7fbUpFV.', 0, 68768, 0, 0, '2016-11-06 13:44:57'),
(23, 'nnnnn', 'nnnnn@gmai.con', 9565485752, '$2y$11$hFNpD/RbjU11LJCoxBxmQ.uUhQ7UfzbpfYWzi743sUCWvk1KY/Pu.', 0, 941900, 0, 0, '2016-11-06 14:17:57'),
(24, 'pppppp', 'pppppp@gmail.com', 9854123555, '$2y$11$WBMuUJ9U7VzfMMqLh5snLuoSY/Ga22dykusibw/7T1mkQ6ewOFyv6', 0, 428698, 1, 0, '2016-11-06 14:20:42'),
(25, 'uuuuu', 'uuuu@fmaio.conm', 7858985878, '$2y$11$gRys8TEMiHiAPpxGtarpse6XasLEB/epX0zOkOjtlefX.IqSdSpge', 0, 794017, 1, 0, '2016-11-06 14:24:25'),
(26, 'hjvj', 'sadf@w', 294859849394, '$2y$11$/BsOa1OYAQsa6zJuQvL7f.AgsYI/AQLp/N9vu1N3aXZptMaQrwb1C', 0, 839793, 1, 0, '2016-11-06 17:50:28'),
(48, 'JOker', 'joker@joker.com', 9854587854, '$2y$11$2RB5EkKHD1GRUu9326R13O5ZZso.9JDry72VooLKBsJckzDm4bqOK', 0, 386976, 0, 0, '2016-11-06 18:28:57'),
(49, 'asfasf', 'afasf@afaf.com', 9876532125, '$2y$11$EFb/13.QuPbEVCuCmP/cFuTDNSZbmGRHHoYGVRAVwnwmw2YM9hOdC', 0, 875096, 0, 0, '2016-11-06 18:31:02'),
(50, 'Pradeep', 'pp@gmail.com', 9561313956, '$2y$11$DUd7jmdARWVEN2EjrD4STO1fmArIa9FwyXhZYVPO1ch4bJ0o.l8We', 0, 827201, 0, 1, '2016-11-06 19:26:23'),
(60, 'Nitin pawar', 'nitin@gmail.com', 9858785898, '$2y$11$0VnBdYVy8H12qjiLfT5u5erWo06V.bXKxhZ0W6tHjw/x5ThebfTSm', 0, 467669, 0, 0, '2016-11-07 15:48:08'),
(61, 'Sagar Hase', 'sagar@gmail.com', 9561975791, '$2y$11$JmTjJ9ZuScGTxUchepMIvORuev1XixIJEAndl7IMj1.OAkCayemlu', 0, 967392, 0, 0, '2016-11-08 21:19:41'),
(62, 'Rohan Kawade', 'rohankawade222@gmail.com', 8796104710, '$2y$11$MOXWePvUbIYUl1aMLkbsEOkkknAYBie27o5p.kdE7OPBuxiJjK666', 0, 527221, 0, 0, '2016-11-08 21:24:13'),
(64, 'aaaa', 'aa@gmail1.com', 9561313958, '$2y$11$NrCaqRMfaHfPyvnQmRtiC.BMXLIrDZGsZftk0shsSI0Cd72uZXFda', 0, 685007, 1, 1, '2016-11-08 21:40:26'),
(66, 'Mahesh Shinde', 'mshinde@gmail.com', 9545652152, '$2y$11$Ey1OETjUvpGvTM7DmVGQYeEP5E1Sy.XWlcWGDjY1k5HR7/ZkcxqW6', 0, 644232, 0, 1, '2016-11-10 19:27:29'),
(67, 'Rohan Kawade', 'rbk222tw@gmail.com', 7845878989, '$2y$11$.uBce8z3iaoOxDA2eRtbQOTBCLQ025pPSlZNwBBmXeWS/IxnIJLXW', 0, 853871, 0, 1, '2016-11-10 19:36:45'),
(68, 'Ramesh Dhavane', 'rameshdhawane1993@gmail.com', 9405005386, '$2y$11$BGEGV6SD9BPPiw99XP9IeuAo6D.bpB/SosyZuhSgQgzMlRiy22wEq', 0, 415063, 0, 1, '2016-11-12 09:51:57'),
(69, 'Roshan Aher', 'roshan123@gmail.com', 9546521525, '$2y$11$HVvZGDfZoykBFxribi3oP.CN.OhNctUBgkNq7.5/e3GyiSBz5CFda', 0, 117658, 0, 1, '2016-11-12 17:10:19'),
(70, 'ssdsdds', 'zxcv@gmail.com', 9243443958, '$2y$11$78Cob9bJdtn5Qkcc9tyksu2/KY50W12qgnXXVvZAVNOVjvc0FwU0O', 0, 886154, 0, 0, '2016-11-22 17:17:19'),
(74, 'fdgdfgfgfgg', 'efeffe@gmail.com', 92445443958, '$2y$11$57BRt0M9Ka42YyulCYYXjOEZVCViGnxb.f.vefmXLOhKdPC8qGxM2', 0, 769575, 0, 0, '2016-11-22 17:56:37'),
(76, 'Akshay Godge', 'akshay@gmail.com', 9511500083, '$2y$11$dz8XzfyMj4Yl6hvKQ6uNVuniyMM1YNJICO7KSR45HrxPZ6iTAq84O', 0, 547853, 0, 1, '2016-11-24 19:07:54');

--
-- Indexes for dumped tables
--

--
-- Indexes for table `address`
--
ALTER TABLE `address`
  ADD PRIMARY KEY (`id`);

--
-- Indexes for table `categories`
--
ALTER TABLE `categories`
  ADD PRIMARY KEY (`id`);

--
-- Indexes for table `cities`
--
ALTER TABLE `cities`
  ADD PRIMARY KEY (`id`);

--
-- Indexes for table `countries`
--
ALTER TABLE `countries`
  ADD PRIMARY KEY (`id`);

--
-- Indexes for table `order_details`
--
ALTER TABLE `order_details`
  ADD PRIMARY KEY (`id`);

--
-- Indexes for table `product`
--
ALTER TABLE `product`
  ADD PRIMARY KEY (`id`);

--
-- Indexes for table `product_images`
--
ALTER TABLE `product_images`
  ADD PRIMARY KEY (`id`);

--
-- Indexes for table `states`
--
ALTER TABLE `states`
  ADD PRIMARY KEY (`id`);

--
-- Indexes for table `sub_categories`
--
ALTER TABLE `sub_categories`
  ADD PRIMARY KEY (`id`);

--
-- Indexes for table `user`
--
ALTER TABLE `user`
  ADD PRIMARY KEY (`id`),
  ADD UNIQUE KEY `email` (`email`),
  ADD UNIQUE KEY `contact` (`contact`);

--
-- AUTO_INCREMENT for dumped tables
--

--
-- AUTO_INCREMENT for table `address`
--
ALTER TABLE `address`
  MODIFY `id` int(11) NOT NULL AUTO_INCREMENT,AUTO_INCREMENT=12;
--
-- AUTO_INCREMENT for table `categories`
--
ALTER TABLE `categories`
  MODIFY `id` int(11) NOT NULL AUTO_INCREMENT,AUTO_INCREMENT=8;
--
-- AUTO_INCREMENT for table `order_details`
--
ALTER TABLE `order_details`
  MODIFY `id` int(11) NOT NULL AUTO_INCREMENT,AUTO_INCREMENT=10;
--
-- AUTO_INCREMENT for table `product`
--
ALTER TABLE `product`
  MODIFY `id` int(11) NOT NULL AUTO_INCREMENT,AUTO_INCREMENT=12;
--
-- AUTO_INCREMENT for table `product_images`
--
ALTER TABLE `product_images`
  MODIFY `id` int(11) NOT NULL AUTO_INCREMENT,AUTO_INCREMENT=8;
--
-- AUTO_INCREMENT for table `sub_categories`
--
ALTER TABLE `sub_categories`
  MODIFY `id` int(11) NOT NULL AUTO_INCREMENT,AUTO_INCREMENT=49;
--
-- AUTO_INCREMENT for table `user`
--
ALTER TABLE `user`
  MODIFY `id` int(11) NOT NULL AUTO_INCREMENT,AUTO_INCREMENT=77;
/*!40101 SET CHARACTER_SET_CLIENT=@OLD_CHARACTER_SET_CLIENT */;
/*!40101 SET CHARACTER_SET_RESULTS=@OLD_CHARACTER_SET_RESULTS */;
/*!40101 SET COLLATION_CONNECTION=@OLD_COLLATION_CONNECTION */;
